[{"__type__":"cc.Prefab","_name":"AddScore.5","data":{"__id__":1}},{"__type__":"cc.Node","_name":"AddScore.5","_components":[{"__type__":"cc.Label","node":{"__id__":1},"_materials":[{"__uuid__":"ecpdLyjvZBwrvm+cedCcQy"}],"_useOriginalSize":false,"_string":"100","_N$string":"100","_fontSize":50,"_N$horizontalAlign":1,"_N$verticalAlign":1}],"_prefab":{"__type__":"cc.PrefabInfo","root":{"__id__":1},"asset":{"__uuid__":"793WwuvzVIjb2eAoVStADZ"},"fileId":"adEcR3gWxICosfIlyuNiDf"},"_contentSize":{"__type__":"cc.Size","width":83.42,"height":50.4},"_trs":{"__type__":"TypedArray","ctor":"Float64Array","array":[0,0,0,0,0,0,1,1,1,1]}}]