{"__type__":"cc.JsonAsset","_name":"es","json":[{"ID":1,"View":200,"Text":"<size=80>REGLA DEL JUEGO</size>\n\n\n\n\n\n\nEl objetivo es llenar las<color=#ffc600> 4</c> \npilas de \"fundación\" superiores. \n\n<color=#ffc600>Mover las cartas a la fundación te da la\n mayor cantidad de puntos. </c> \n\n\n\n\n\n\n\n\n\n\n\nLas pilas de \"fundación\" tienen cartas del \n mismo palo en orden creciente <color=#ffc600>(A a K)</c> ."},{"ID":2,"View":200,"Text":"<size=80>REGLA DEL JUEGO</size>\n\n\n\n\n\n\nRevela cartas de cara abajo\npara ganar puntos. \n\n\n\n\n\n\n\n\n\n\n\nLas 7 pilas inferiores tienen cartas de\ncolores alternos en orden decreciente\n\n<color=#ffc600>(K a A) y solo la \"K\" puede ser\ncolocada en una ranura vacía.</c>"},{"ID":3,"View":200,"Text":"<size=80>REGLA DEL JUEGO</size>\n\n\n\n\n\nPuedes sacar cartas \nde la pila.   \n\n<color=#ffc600>La carta superior de la pila se\n puede mover para ganar puntos. </c>\n\n\n\n\n\n\n\nPuedes volver a sacar las pilas\n<color=#ffc600>${##}</c> veces gratis. \n\n\n\n\n<color=#ffc600>Te cuestan los puntos después de 3 sorteos.</c>"},{"ID":4,"View":200,"Text":"<size=80>REGLA DEL JUEGO</size>\n\n\n\n\n\n\n\n\n\n\n\n\n\n\n\n\n\n\n<color=#ffc600>El tiempo es CLAVE.</c>\nCada juego tiene un límite de tiempo \nde <color=#ffc600>${##}</c> minutos\ny se obtienen puntos de bonificación por  \nterminar temprano. \n\nObtendrás más puntos de bonificación \nde tiempo\nsi colocas más cartas\nen las pilas de fundación."},{"ID":5,"View":200,"Text":"<size=80>REGLA DEL JUEGO</size>\n\n\n\n\n\n\n\n\n\nSin movimientos. \n\n\n\n\n\n\n\nPuedes rendirte para ganar tiempo extra\na cambio de puntos si no tienes\nninguna carta móvil.\n\n<color=#ffc600>¡No todos los mazos se pueden resolver! \n¡Buena suerte!</c>"},{"ID":6,"View":200,"Text":"    <size=60>SOBRE LA PUNTUACIÓN</size>\n\n            \n             Cada carta revelada +20\n\n\n              <color=#ffc600>A </c>a la fundación +120\n              <color=#ffc600>2</c> a la fundación +110\n              <color=#ffc600>3</c> a la fundación +100\n              <color=#ffc600>4 </c>a la fundación + 90\n\n              Reducir a su vez...\n            Volver a sacar las pilas te \n               resultará <color=#fe4646>-20</c> cada vez\n          después de 3 sorteos gratis.\n\n        Enviar rápidamente para obtener \n        una bonificación de tiempo extra.\n\n       La bonificación de tiempo vale:"},{"ID":7,"View":100,"Text":"    <size=35>      <color=#fe4646>¡Tienes</c> ${##}<color=#fe4646> de pausa gratis, después\n        de eso cada vez será ${##} puntos!</c></size>\n\n\n\n\n\n\n\n\n\n<size=50>\n<color=#2b805c>El juego se ha pausado,\nor favor reanúdalo.</c>\n</size>"},{"ID":8,"View":100,"Text":"    <size=35>      <color=#fe4646>¡No tienes pausa gratuita, \n        y esta vez tendrás ${##} puntos!</c></size>\n\n\n\n\n\n\n\n\n\n<size=50>\n<color=#2b805c>El juego se ha pausado,\nor favor reanúdalo.</c>\n</size>"},{"ID":9,"View":700,"Text":"    <size=35>      <color=#fe4646>¡No tienes pausa gratuita,\n        y esta vez tendrás ${##} puntos!</c></size>\n\n\n\n\n\n\n\n\n\n<size=50>\n<color=#2b805c>¿Quieres terminar ahora \ncon la puntuación actual?</c>\n</size>"},{"ID":10,"View":700,"Text":"    <size=35>      <color=#fe4646>¡Tienes</c> ${##}<color=#fe4646> de pausa gratis, después\n        de eso cada vez será ${##} puntos!</c></size>\n\n\n\n\n\n\n\n\n\n<size=50>\n<color=#2b805c>¿Quieres terminar ahora con \n la puntuación actual?</c>\n</size>"},{"ID":11,"View":400,"Text":"<size=40><color=#2b805c>El video no está disponible actualmente ...</c></size>"},{"ID":12,"View":400,"Text":"\n<size=48><outline color=#153a2f width=2>¿Te gustaría duplicar la puntuación \n en los próximos ${##} segundos?</outline></size>"},{"ID":13,"View":400,"Text":"\n<size=48><outline color=#153a2f width=2>¿Te gustaría obtener \n${##} segundos más?</outline></size>"},{"ID":14,"View":300,"Text":"<color=#fff076><size=50>¡Bienvenid@！</size></c>\n\nAprendamos algunos \ncontroles antes de empezar un juego."},{"ID":15,"View":300,"Text":"Ahora mueve la <color=#fe4646>A</c> al área indicada."},{"ID":16,"View":300,"Text":"Ahora mueve la <color=#fe4646>2</c> a las pilas de fundación\nen secuencia<color=#fff076> (A - K)</c>."},{"ID":17,"View":300,"Text":"Las 7 pilas tienen cartas en secuencia <color=#fff076>(K-A) </c>\ncon <color=#fff076>colores alternos</c>.\nAhora mueve la <color=#000000>6</c>."},{"ID":18,"View":300,"Text":"Solo la <color=#fe4646>K </c>se puede colocar en pilas <color=#fff076>vacías</c>."},{"ID":19,"View":300,"Text":"Toca en las pilas <color=#fff076>(arriba a la derecha)</c> para \nsacar 3 cartas a la vez."},{"ID":20,"View":300,"Text":"Mueve <color=#fff076>la carta superior </c> a una de\nlas bases si <color=#fff076>matches</c>."},{"ID":21,"View":300,"Text":"Obtienes más<color=#fff076> puntos de bonificación</c>\n por más\n<color=#fff076>tiempo restante</c>, si te quedas<color=#fff076>\n sin movimientos</c>,\n toca \"SUBMIT\" para terminar el juego."},{"ID":22,"View":300},{"ID":23,"View":300,"Text":"<color=#fff076>¡Bien hecho! </c>\n¡Comencemos el juego!"},{"ID":24,"View":500,"Text":"                       <outline color=#153a2f width=4> <size=52>PUNTUACIÓN</size>\n\n          BONIFICACIÓN DE TIEMPO\n\n               <size=52>   PUNTUACIÓN FINAL</size></outline>"},{"ID":25,"View":600,"Text":"Puedes rendirte si se te acaban los movimientos."}]}