{"__type__":"cc.JsonAsset","_name":"in","json":[{"ID":1,"View":200,"Text":"<size=80>CARA BERMAIN</size>\n\n\n\n\n\n\nTujuannya adalah untuk mengisi<color=#ffc600> 4</c> \n\"tumpukan pondasi\" atas.\n\n<color=#ffc600>Memindahkan kartu ke pondasi\n  memberikan poin terbanyak.</c> \n\n\n\n\n\n\n\n\n\n\n\nTumpukan \"Pondasi\" mengambil kartu dengan jenis yang sama dalam urutan yang meningkat<color=#ffc600>(A to K)</c> ."},{"ID":2,"View":200,"Text":"<size=80>CARA BERMAIN</size>\n\n\n\n\n\nBuka kartu tertutup\n  untuk mencetak poin.\n\n\n\n\n\n\n\n\n\n\n\n7 tumpukan bawah mengambil kartu \ndengan warna bergantian dalam \nurutan menurun\n\n<color=#ffc600>(K ke A) dan hanya \"K\" yang bisa\nditempatkan pada slot kosong.</c>"},{"ID":3,"View":200,"Text":"<size=80>CARA BERMAIN</size>\n\n\n\n\n\nAnda dapat mengambil kartu\ndari tumpukan. \n\n<color=#ffc600>Kartu teratas di tumpukan bisa\n  dipindahkan untuk mencetak poin.</c>\n\n\n\n\n\n\n\nAnda dapat mengambil ulang tumpukan\n<color=#ffc600>${##}</c> kali secara gratis.\n\n\n\n\n<color=#ffc600>Setelah 3x ambil, \nakan dikenakan biaya poin.</c>"},{"ID":4,"View":200,"Text":"<size=80>CARA BERMAIN</size>\n\n\n\n\n\n\n\n\n\n\n\n\n\n\n\n\n\n<size=30><color=#ffc600>Waktu adalah KUNCI</c>\nSetiap permainan memiliki <color=#ffc600>${##}</c> menit-batas \nwaktu. Poin bonus didapat\njika menyelesaikan lebih awal.\n\nAnda akan mendapatkan lebih banyak bonus waktu\npoin jika Anda menempatkan lebih banyak kartu\ndalam tumpukan pondasi.</size>"},{"ID":5,"View":200,"Text":"<size=80>CARA BERMAIN</size>\n\n\n\n\n\n\n\n\n\nTidak bisa bergerak.\n\n\n\n\n\n\n\nJika Anda tidak memiliki kartu\nyang dapat dipindahkan,\nAnda dapat mengirimkan game \nAnda untuk dapatkan bonus poin waktu.\n\n<color=#ffc600>Tidak semua deck bisa diselesaikan!\nSemoga beruntung!</c>"},{"ID":6,"View":200,"Text":"          <size=80>TENTANG SKOR</size>\n\n              \n\n             Setiap kartu yang terbuka +20\n\n\n              <color=#ffc600>A </c>ke fondasi +120\n              <color=#ffc600>2</c> ke fondasi +110\n              <color=#ffc600>3</c> ke fondasi +100\n              <color=#ffc600>4 </c>ke fondasi + 90\n\n              dll...\n\n  <size=30>Setelah 3 pengambilan gratis, akan dikenakan biaya\n          <color=#fe4646>20</c> untuk setiap pengambilan berikutnya.\n                  \n               Kirim dengan cepat untuk mendapatkan\n                          bonus waktu tambahan.\n\n                         Perhitungan bonus waktu:</size>\n"},{"ID":7,"View":100,"Text":"         <size=30><color=#fe4646>Anda punya</c> ${##}<color=#fe4646> jeda gratis. Setelah itu,\n          setiap jeda akan dikenakan biaya ${##} poin!</c></size>\n\n\n\n\n\n\n\n\n\n<size=50>\n<color=#2b805c>Permainan telah dijeda.\nSilakan lanjutkan.</c>\n</size>"},{"ID":8,"View":100,"Text":"    <size=30>      <color=#fe4646>Anda tidak memiliki jeda gratis.\n         Jeda ini akan dikenakan biaya ${##} poin!</c></size>\n\n\n\n\n\n\n\n\n\n<size=42>\n<color=#2b805c>Permainan telah dihentikan sementara.\nSilakan lanjutkan.</c>\n</size>"},{"ID":9,"View":700,"Text":"    <size=32>      <color=#fe4646>Anda tidak memiliki jeda gratis.\n         Jeda ini akan dikenakan biaya ${##} poin!</c></size>\n\n\n\n\n\n\n\n\n\n<size=50>\n<color=#2b805c>Apakah Anda ingin berhenti \nsekarang dengan skor saat ini?</c>\n</size>"},{"ID":10,"View":700,"Text":"     <size=31>      <color=#fe4646>Anda punya</c> ${##}<color=#fe4646> jeda gratis. Setelah itu,\n           setiap jeda akan dikenakan biaya ${##} poin!</c></size>\n\n\n\n\n\n\n\n\n\n<size=50>\n<color=#2b805c>Apakah Anda ingin berhenti \nsekarang dengan skor saat ini?</c>\n</size>"},{"ID":11,"View":400,"Text":"<size=55><color=#2b805c>Video tidak tersedia saat ini...</c></size>"},{"ID":12,"View":400,"Text":"\n<size=45><outline color=#153a2f width=2>Apakah Anda ingin menggandakan skor\n  di ${##} detik selanjutnya?</outline></size>"},{"ID":13,"View":400,"Text":"\n<size=48><outline color=#153a2f width=2>Apakah Anda ingin mendapatkan?\n${##} detik lagi?</outline></size>"},{"ID":14,"View":300,"Text":"<color=#fff076><size=50>Selamat Datang！</size></c>\n\n<size=30>Mari kita pelajari beberapa kontrol\nsebelum pertandingan.</size>"},{"ID":15,"View":300,"Text":"Sekarang pindahkan <color=#fe4646>A</c> ke\n tempat yang ditunjuk."},{"ID":16,"View":300,"Text":"Sekarang pindahkan <color=#fe4646>2</c> ke tumpukan \nfondasi yang ditunjuk. \nTumpukan fondasi masuk dalam urutan\n meningkat dari<color=#fff076> (A - K)</c>."},{"ID":17,"View":300,"Text":"7 tumpukan mengambil kartu secara berurutan dengan\n <color=#fff076>warna bergantian</c> dari <color=#fff076>(K-A) </c>.\nSekarang pindahkan <color=#000000>6</c>."},{"ID":18,"View":300,"Text":"Hanya <color=#fe4646>K </c>yang bisa ditempatkan di tumpukan <color=#fff076>kosong</c>"},{"ID":19,"View":300,"Text":"Ketuk tumpukan <color=#fff076>di kanan atas</c> untuk\nambil 3 kartu sekaligus."},{"ID":20,"View":300,"Text":"Pindahkan <color=#fff076>kartu atas</c> ke salah satu dari\nfondasi jika <color=#fff076>cocok</c>."},{"ID":21,"View":300,"Text":"<size=30>Jika Anda<color=#fff076> tidak bisa bergerak</c>,\nKetuk \"KIRIM\" untuk menyelesaikan permainan.\nAnda mendapatkan <color=#fff076> poin bonus</c> untuk setiap \n<color=#fff076>waktu yang tersisa</c>;semakin banyak waktu\ntersisa, semakin banyak poin bonus.</size>"},{"ID":22,"View":300},{"ID":23,"View":300,"Text":"<color=#fff076>Bagus!</c>\n<size=35>Ayo kita mulai permainannya!</size>"},{"ID":24,"View":500,"Text":"                             <size=52><outline color=#153a2f width=4>SKOR\n\n             BONUS WAKTU\n\n                        SKOR AKHIR</size>"},{"ID":25,"View":600,"Text":"Anda dapat mengirimkan jika Anda tidak bisa bergerak."}]}