[{"__type__":"cc.SpriteFrame","content":{"name":"num_fontbigorg","texture":"faZqnz/1BPc6MrPsMO1P1i","rect":[1,1,647,83],"offset":[-0.5,0],"originalSize":[650,85],"capInsets":[0,0,0,0]}},{"__type__":"cc.SpriteFrame","content":{"name":"bg_star2","texture":"e0mavyC1lDAK4OjnfIPQvq","rect":[0,0,58,59],"offset":[0,0],"originalSize":[58,59],"capInsets":[0,0,0,0]}},{"__type__":"cc.SpriteFrame","content":{"name":"bg_star1","texture":"2cmwBbc0FBJpqA79IBXNdb","rect":[0,0,75,81],"offset":[0,0],"originalSize":[75,81],"capInsets":[0,0,0,0]}},{"__type__":"cc.LabelAtlas","_name":"Red","spriteFrame":{"__uuid__":"ddqYt4FIVM07VyhoQSWcwt"},"fontSize":51.92,"_fntConfig":{"commonHeight":59,"fontSize":51,"atlasName":"bg_fontred","fontDefDictionary":{"48":{"rect":{"x":0,"y":0,"width":45,"height":59},"xOffset":0,"yOffset":0,"xAdvance":45},"49":{"rect":{"x":45,"y":0,"width":45,"height":59},"xOffset":0,"yOffset":0,"xAdvance":45},"50":{"rect":{"x":90,"y":0,"width":45,"height":59},"xOffset":0,"yOffset":0,"xAdvance":45},"51":{"rect":{"x":135,"y":0,"width":45,"height":59},"xOffset":0,"yOffset":0,"xAdvance":45},"52":{"rect":{"x":180,"y":0,"width":45,"height":59},"xOffset":0,"yOffset":0,"xAdvance":45},"53":{"rect":{"x":225,"y":0,"width":45,"height":59},"xOffset":0,"yOffset":0,"xAdvance":45},"54":{"rect":{"x":270,"y":0,"width":45,"height":59},"xOffset":0,"yOffset":0,"xAdvance":45},"55":{"rect":{"x":315,"y":0,"width":45,"height":59},"xOffset":0,"yOffset":0,"xAdvance":45},"56":{"rect":{"x":360,"y":0,"width":45,"height":59},"xOffset":0,"yOffset":0,"xAdvance":45},"57":{"rect":{"x":405,"y":0,"width":45,"height":59},"xOffset":0,"yOffset":0,"xAdvance":45}},"kerningDict":{}}},{"__type__":"cc.SpriteFrame","content":{"name":"21cash-resultbling7","texture":"94Gr2OfFJJsKrMsIpsaw00","rect":[63,14,560,418],"offset":[-6,56.5],"originalSize":[698,559],"capInsets":[0,0,0,0]}},{"__type__":"cc.SpriteFrame","content":{"name":"ae_resultlight06","texture":"12NDO3L2RERoeVytMugCIx","rect":[0,2,57,83],"offset":[-2,0.5],"originalSize":[61,88],"capInsets":[0,0,0,0]}},{"__type__":"cc.SpriteFrame","content":{"name":"21cash-resultbling1","texture":"59xRI/IhtB3ptp2+Kzl7P/","rect":[285,177,118,119],"offset":[-5,43],"originalSize":[698,559],"capInsets":[0,0,0,0]}},{"__type__":"cc.LabelAtlas","_name":"BigOrg","spriteFrame":{"__uuid__":"02Sms1iV9Gub35h/QVdqJx"},"fontSize":74.8,"_fntConfig":{"commonHeight":85,"fontSize":74,"atlasName":"num_fontbigorg","fontDefDictionary":{"48":{"rect":{"x":0,"y":0,"width":65,"height":85},"xOffset":0,"yOffset":0,"xAdvance":65},"49":{"rect":{"x":65,"y":0,"width":65,"height":85},"xOffset":0,"yOffset":0,"xAdvance":65},"50":{"rect":{"x":130,"y":0,"width":65,"height":85},"xOffset":0,"yOffset":0,"xAdvance":65},"51":{"rect":{"x":195,"y":0,"width":65,"height":85},"xOffset":0,"yOffset":0,"xAdvance":65},"52":{"rect":{"x":260,"y":0,"width":65,"height":85},"xOffset":0,"yOffset":0,"xAdvance":65},"53":{"rect":{"x":325,"y":0,"width":65,"height":85},"xOffset":0,"yOffset":0,"xAdvance":65},"54":{"rect":{"x":390,"y":0,"width":65,"height":85},"xOffset":0,"yOffset":0,"xAdvance":65},"55":{"rect":{"x":455,"y":0,"width":65,"height":85},"xOffset":0,"yOffset":0,"xAdvance":65},"56":{"rect":{"x":520,"y":0,"width":65,"height":85},"xOffset":0,"yOffset":0,"xAdvance":65},"57":{"rect":{"x":585,"y":0,"width":65,"height":85},"xOffset":0,"yOffset":0,"xAdvance":65}},"kerningDict":{}}},{"__type__":"cc.LabelAtlas","_name":"BigGreen","spriteFrame":{"__uuid__":"49M9WM9RpCVIjbwOmOF6H3"},"fontSize":51.92,"_fntConfig":{"commonHeight":59,"fontSize":51,"atlasName":"num_fontbiggreen","fontDefDictionary":{"48":{"rect":{"x":0,"y":0,"width":45,"height":59},"xOffset":0,"yOffset":0,"xAdvance":45},"49":{"rect":{"x":45,"y":0,"width":45,"height":59},"xOffset":0,"yOffset":0,"xAdvance":45},"50":{"rect":{"x":90,"y":0,"width":45,"height":59},"xOffset":0,"yOffset":0,"xAdvance":45},"51":{"rect":{"x":135,"y":0,"width":45,"height":59},"xOffset":0,"yOffset":0,"xAdvance":45},"52":{"rect":{"x":180,"y":0,"width":45,"height":59},"xOffset":0,"yOffset":0,"xAdvance":45},"53":{"rect":{"x":225,"y":0,"width":45,"height":59},"xOffset":0,"yOffset":0,"xAdvance":45},"54":{"rect":{"x":270,"y":0,"width":45,"height":59},"xOffset":0,"yOffset":0,"xAdvance":45},"55":{"rect":{"x":315,"y":0,"width":45,"height":59},"xOffset":0,"yOffset":0,"xAdvance":45},"56":{"rect":{"x":360,"y":0,"width":45,"height":59},"xOffset":0,"yOffset":0,"xAdvance":45},"57":{"rect":{"x":405,"y":0,"width":45,"height":59},"xOffset":0,"yOffset":0,"xAdvance":45}},"kerningDict":{}}},{"__type__":"cc.SpriteFrame","content":{"name":"am_bglight","texture":"22CRtWu4dEGrHFZJRHd0qT","rect":[0,0,939,939],"offset":[0,0],"originalSize":[939,939],"capInsets":[0,0,0,0]}},{"__type__":"cc.SpriteFrame","content":{"name":"num_fontbiggreen","texture":"05JYb188VLabxLjqOn2nK/","rect":[0,4,446,55],"offset":[-2,-2],"originalSize":[450,59],"capInsets":[0,0,0,0]}},{"__type__":"cc.SpriteFrame","content":{"name":"21cash-resultbling3","texture":"ad9hjmLRRJE72xjQQzhjwr","rect":[183,84,329,295],"offset":[-1.5,48],"originalSize":[698,559],"capInsets":[0,0,0,0]}},{"__type__":"cc.SpriteFrame","content":{"name":"bg_fontblue","texture":"davSx5td9OLb8Ij5XSbvu7","rect":[2,4,444,52],"offset":[-1,-0.5],"originalSize":[450,59],"capInsets":[0,0,0,0]}},{"__type__":"cc.AnimationClip","_name":"result","_duration":0.5,"speed":2,"curveData":{"paths":{"ae_resultlight01":{"comps":{"cc.Sprite":{"spriteFrame":[{"frame":0,"value":{"__uuid__":"92YhxiMopOgrUMuho4Bqj/"}},{"frame":0.08333333333333333,"value":{"__uuid__":"7b8gbkH4ZOwZF7BQklqZeA"}},{"frame":0.16666666666666666,"value":{"__uuid__":"99CmuILGdIJKPJOUCemMRn"}},{"frame":0.25,"value":{"__uuid__":"60k+EfTb5AI6h2b3PDODz2"}},{"frame":0.3333333333333333,"value":{"__uuid__":"b2CyS/X61AAbjEqzJtfBx7"}},{"frame":0.4166666666666667,"value":{"__uuid__":"2dlo4VQalCObO1O5qZOlQA"}}]}},"props":{"opacity":[{"frame":0.4166666666666667,"value":255},{"frame":0.5,"value":0}]}}}}},{"__type__":"cc.SpriteFrame","content":{"name":"21cash-resultbling6","texture":"cazfQ/XiJK65ICCIoRKJxr","rect":[84,19,546,415],"offset":[8,53],"originalSize":[698,559],"capInsets":[0,0,0,0]}},{"__type__":"cc.SpriteFrame","content":{"name":"ae_resultlight04","texture":"cbhqu6h+FCy5O0RucrVk3R","rect":[2,8,52,72],"offset":[-2.5,0],"originalSize":[61,88],"capInsets":[0,0,0,0]}},{"__type__":"cc.SpriteFrame","content":{"name":"21cash-resultbling2","texture":"26r9MSYatJb5/1nb5q0YSF","rect":[236,127,215,217],"offset":[-5.5,44],"originalSize":[698,559],"capInsets":[0,0,0,0]}},{"__type__":"cc.SpriteFrame","content":{"name":"21cash-resultbling4","texture":"67NlqqJ6lBV7kySW9EqMHM","rect":[106,22,495,398],"offset":[4.5,58.5],"originalSize":[698,559],"capInsets":[0,0,0,0]}},{"__type__":"cc.SpriteFrame","content":{"name":"ae_resultlight02","texture":"84Su1DOzVOqrB6fSwPlWvo","rect":[7,14,43,62],"offset":[-2,-1],"originalSize":[61,88],"capInsets":[0,0,0,0]}},{"__type__":"cc.SpriteFrame","content":{"name":"21cash-resultbling8","texture":"2aBwOwjaJHX46zZzW7ZdyR","rect":[63,14,560,418],"offset":[-6,56.5],"originalSize":[698,559],"capInsets":[0,0,0,0]}},{"__type__":"cc.SpriteFrame","content":{"name":"21cash-resultcard","texture":"6bvugNO4NEnbzv60GwgM6l","rect":[0,0,37,56],"offset":[0,0],"originalSize":[37,56],"capInsets":[0,0,0,0]}},{"__type__":"cc.SpriteFrame","content":{"name":"ae_resultlight01","texture":"3cXgQFUgVJWKV5jMHjoPs0","rect":[12,18,37,55],"offset":[0,-1.5],"originalSize":[61,88],"capInsets":[0,0,0,0]}},[{"__type__":"cc.Prefab","_name":"Result","data":{"__id__":1}},{"__type__":"cc.Node","_name":"Result","_children":[{"__id__":2},{"__id__":8},{"__id__":26},{"__id__":29},{"__id__":38}],"_components":[{"__type__":"3d3e694EHtE55kWvZJIadml","node":{"__id__":1},"Score":{"__id__":11},"TimeBonus":{"__id__":13},"FinalScore":{"__id__":15},"ConfirmButton":{"__id__":28},"Title":{"__id__":17},"TitleAtlas":{"__uuid__":"6b9J/nSe9Or78475OVp1h+"},"Result":{"__id__":5},"Light":{"__id__":3},"Stars":{"__id__":29},"Stacks":{"__id__":38},"ClearStackLabel":{"__id__":19},"CardsUsedLabel":{"__id__":21},"BustedLabel":{"__id__":23},"ComboLabel":{"__id__":25},"Bling":{"__id__":7}}],"_prefab":{"__type__":"cc.PrefabInfo","root":{"__id__":1},"asset":{"__uuid__":"96iM12+dxF26qG3qGIwcPl"},"fileId":"d8Iufik05B0q4YXZHYE4hW"},"_trs":{"__type__":"TypedArray","ctor":"Float64Array","array":[0,0,0,0,0,0,1,1,1,1]},"_groupIndex":1,"groupIndex":1},{"__type__":"cc.Node","_name":"bg","_parent":{"__id__":1},"_children":[{"__id__":3},{"__id__":4},{"__id__":6}],"_components":[{"__type__":"cc.Sprite","node":{"__id__":2},"_spriteFrame":{"__uuid__":"c2/y/YzV5K2okYDIefN8N5"}},{"__type__":"cc.BlockInputEvents","node":{"__id__":2}}],"_prefab":{"__type__":"cc.PrefabInfo","root":{"__id__":1},"asset":{"__uuid__":"96iM12+dxF26qG3qGIwcPl"},"fileId":"76ZVAcjZhNsJrORtTepwDp"},"_contentSize":{"__type__":"cc.Size","width":1464,"height":2333},"_trs":{"__type__":"TypedArray","ctor":"Float64Array","array":[0,0,0,0,0,0,1,1,1,1]}},{"__type__":"cc.Node","_name":"am_bglight","_parent":{"__id__":2},"_components":[{"__type__":"cc.Sprite","node":{"__id__":3},"_spriteFrame":{"__uuid__":"43Abymh/dJmYZTiPARNJDc"}}],"_prefab":{"__type__":"cc.PrefabInfo","root":{"__id__":1},"asset":{"__uuid__":"96iM12+dxF26qG3qGIwcPl"},"fileId":"22KSTTrdxOmZA3vw+8zvpK"},"_contentSize":{"__type__":"cc.Size","width":939,"height":939},"_trs":{"__type__":"TypedArray","ctor":"Float64Array","array":[0,667,0,0,0,0,1,1,1,1]}},{"__type__":"cc.Node","_name":"result","_parent":{"__id__":2},"_components":[{"__id__":5}],"_prefab":{"__type__":"cc.PrefabInfo","root":{"__id__":1},"asset":{"__uuid__":"96iM12+dxF26qG3qGIwcPl"},"fileId":"44dpGteeNIiLvN6xaQqg7y"},"_contentSize":{"__type__":"cc.Size","width":709,"height":709},"_trs":{"__type__":"TypedArray","ctor":"Float64Array","array":[0,306,0,0,0,0,1,1.1,1.1,1]}},{"__type__":"sp.Skeleton","node":{"__id__":4},"defaultAnimation":"animation","_preCacheMode":0,"loop":false,"premultipliedAlpha":false,"_animationName":"animation","_playTimes":1,"_N$skeletonData":{"__uuid__":"3bjPaihtBPOJNViNmSulJA"}},{"__type__":"cc.Node","_name":"bling","_parent":{"__id__":2},"_active":false,"_components":[{"__type__":"cc.Sprite","node":{"__id__":6},"_spriteFrame":{"__uuid__":"2flQUsgWFI/YoHoXckbiUb"}},{"__id__":7}],"_prefab":{"__type__":"cc.PrefabInfo","root":{"__id__":1},"asset":{"__uuid__":"96iM12+dxF26qG3qGIwcPl"},"fileId":"86JZ/iXUZHwqIIlmULgYEJ"},"_contentSize":{"__type__":"cc.Size","width":118,"height":119},"_trs":{"__type__":"TypedArray","ctor":"Float64Array","array":[0,702,0,0,0,0,1,1,1,1]}},{"__type__":"cc.Animation","node":{"__id__":6},"_defaultClip":{"__uuid__":"f2YDizU+JNuLTflPzL+wLr"},"_clips":[{"__uuid__":"f2YDizU+JNuLTflPzL+wLr"}]},{"__type__":"cc.Node","_name":"bg_stop_back","_parent":{"__id__":1},"_children":[{"__id__":9},{"__id__":10},{"__id__":12},{"__id__":14},{"__id__":16},{"__id__":18},{"__id__":20},{"__id__":22},{"__id__":24}],"_prefab":{"__type__":"cc.PrefabInfo","root":{"__id__":1},"asset":{"__uuid__":"96iM12+dxF26qG3qGIwcPl"},"fileId":"23cN/ToElGQq4SyNt9c+03"},"_contentSize":{"__type__":"cc.Size","width":987,"height":702},"_trs":{"__type__":"TypedArray","ctor":"Float64Array","array":[0,-84,0,0,0,0,1,1,1,1]}},{"__type__":"cc.Node","_name":"bg_font04","_parent":{"__id__":8},"_components":[{"__type__":"cc.Sprite","node":{"__id__":9},"_spriteFrame":{"__uuid__":"b2xf7jZ6xGlKGxSu9dCbvW"}}],"_prefab":{"__type__":"cc.PrefabInfo","root":{"__id__":1},"asset":{"__uuid__":"96iM12+dxF26qG3qGIwcPl"},"fileId":"1bR3Sbk4lN8o0coxvjNjHR"},"_contentSize":{"__type__":"cc.Size","width":985,"height":812},"_trs":{"__type__":"TypedArray","ctor":"Float64Array","array":[0,38,0,0,0,0,1,1,1,1]}},{"__type__":"cc.Node","_name":"Score","_parent":{"__id__":8},"_components":[{"__id__":11}],"_prefab":{"__type__":"cc.PrefabInfo","root":{"__id__":1},"asset":{"__uuid__":"96iM12+dxF26qG3qGIwcPl"},"fileId":"d9PwlLhjlDq64Nl0HmTXbm"},"_contentSize":{"__type__":"cc.Size","width":142.94,"height":42.35},"_trs":{"__type__":"TypedArray","ctor":"Float64Array","array":[154,39,0,0,0,0,1,1,1,1]}},{"__type__":"cc.Label","node":{"__id__":10},"_useOriginalSize":false,"_string":"125","_N$string":"125","_fontSize":54,"_N$file":{"__uuid__":"3dw06w6klOEKKIy9baw4FC"},"_isSystemFontUsed":false,"_N$horizontalAlign":1,"_N$verticalAlign":1},{"__type__":"cc.Node","_name":"TimeBonus","_parent":{"__id__":8},"_components":[{"__id__":13}],"_prefab":{"__type__":"cc.PrefabInfo","root":{"__id__":1},"asset":{"__uuid__":"96iM12+dxF26qG3qGIwcPl"},"fileId":"a3ul7EL1RIw4JZUhMa9Wn5"},"_contentSize":{"__type__":"cc.Size","width":190.59,"height":42.35},"_trs":{"__type__":"TypedArray","ctor":"Float64Array","array":[154,-38,0,0,0,0,1,1,1,1]}},{"__type__":"cc.Label","node":{"__id__":12},"_useOriginalSize":false,"_string":"1250","_N$string":"1250","_fontSize":54,"_N$file":{"__uuid__":"3dw06w6klOEKKIy9baw4FC"},"_isSystemFontUsed":false,"_N$horizontalAlign":1,"_N$verticalAlign":1},{"__type__":"cc.Node","_name":"FinalScore","_parent":{"__id__":8},"_components":[{"__id__":15}],"_prefab":{"__type__":"cc.PrefabInfo","root":{"__id__":1},"asset":{"__uuid__":"96iM12+dxF26qG3qGIwcPl"},"fileId":"62eLe7pjJJ46VDlQyFgx5k"},"_contentSize":{"__type__":"cc.Size","width":238.92,"height":36.76},"_trs":{"__type__":"TypedArray","ctor":"Float64Array","array":[0,-197,0,0,0,0,1,1,1,1]}},{"__type__":"cc.Label","node":{"__id__":14},"_useOriginalSize":false,"_string":"1540","_N$string":"1540","_fontSize":68,"_N$file":{"__uuid__":"32aRfp9oNDiqhc+2nq2FsF"},"_isSystemFontUsed":false,"_N$horizontalAlign":1,"_N$verticalAlign":1},{"__type__":"cc.Node","_name":"Title","_parent":{"__id__":8},"_components":[{"__id__":17}],"_prefab":{"__type__":"cc.PrefabInfo","root":{"__id__":1},"asset":{"__uuid__":"96iM12+dxF26qG3qGIwcPl"},"fileId":"90ROASTv9AFYoXrnp7yrBz"},"_contentSize":{"__type__":"cc.Size","width":723,"height":82},"_trs":{"__type__":"TypedArray","ctor":"Float64Array","array":[0,504,0,0,0,0,1,1,1,1]}},{"__type__":"cc.Sprite","node":{"__id__":16},"_spriteFrame":{"__uuid__":"9btOTUcudG9ovLlg+MN4eW"}},{"__type__":"cc.Node","_name":"StackClear","_parent":{"__id__":8},"_components":[{"__id__":19}],"_prefab":{"__type__":"cc.PrefabInfo","root":{"__id__":1},"asset":{"__uuid__":"96iM12+dxF26qG3qGIwcPl"},"fileId":"f6ToFGvYRF+YwibJSlquGL"},"_contentSize":{"__type__":"cc.Size","width":95.29,"height":42.35},"_trs":{"__type__":"TypedArray","ctor":"Float64Array","array":[334,151,0,0,0,0,1,1,1,1]}},{"__type__":"cc.Label","node":{"__id__":18},"_useOriginalSize":false,"_string":"12","_N$string":"12","_fontSize":54,"_N$file":{"__uuid__":"3dw06w6klOEKKIy9baw4FC"},"_isSystemFontUsed":false,"_N$horizontalAlign":1,"_N$verticalAlign":1},{"__type__":"cc.Node","_name":"CardsUsed","_parent":{"__id__":8},"_components":[{"__id__":21}],"_prefab":{"__type__":"cc.PrefabInfo","root":{"__id__":1},"asset":{"__uuid__":"96iM12+dxF26qG3qGIwcPl"},"fileId":"c2rx6wRg1NqbLq5wTsucsL"},"_contentSize":{"__type__":"cc.Size","width":31.76,"height":28.24},"_trs":{"__type__":"TypedArray","ctor":"Float64Array","array":[-302,349,0,0,0,0,1,1,1,1]}},{"__type__":"cc.Label","node":{"__id__":20},"_useOriginalSize":false,"_string":"0","_N$string":"0","_fontSize":36,"_N$file":{"__uuid__":"15qSHOlq9Fvr2cJdNm+st7"},"_isSystemFontUsed":false,"_N$horizontalAlign":1,"_N$verticalAlign":1},{"__type__":"cc.Node","_name":"CardsBusted","_parent":{"__id__":8},"_components":[{"__id__":23}],"_prefab":{"__type__":"cc.PrefabInfo","root":{"__id__":1},"asset":{"__uuid__":"96iM12+dxF26qG3qGIwcPl"},"fileId":"71h4gGScRFSo0VVT/umnv2"},"_contentSize":{"__type__":"cc.Size","width":31.76,"height":28.24},"_trs":{"__type__":"TypedArray","ctor":"Float64Array","array":[-11,349,0,0,0,0,1,1,1,1]}},{"__type__":"cc.Label","node":{"__id__":22},"_useOriginalSize":false,"_string":"0","_N$string":"0","_fontSize":36,"_N$file":{"__uuid__":"1bJ5BnkPNN6K3cVAtuGAbn"},"_isSystemFontUsed":false,"_N$horizontalAlign":1,"_N$verticalAlign":1},{"__type__":"cc.Node","_name":"Combo","_parent":{"__id__":8},"_components":[{"__id__":25}],"_prefab":{"__type__":"cc.PrefabInfo","root":{"__id__":1},"asset":{"__uuid__":"96iM12+dxF26qG3qGIwcPl"},"fileId":"d3qCVK5clFnbVMe+ATrhhO"},"_contentSize":{"__type__":"cc.Size","width":31.76,"height":28.24},"_trs":{"__type__":"TypedArray","ctor":"Float64Array","array":[302,349,0,0,0,0,1,1,1,1]}},{"__type__":"cc.Label","node":{"__id__":24},"_useOriginalSize":false,"_string":"0","_N$string":"0","_fontSize":36,"_N$file":{"__uuid__":"d7lVsjAMdMnI8br5FfhzP+"},"_isSystemFontUsed":false,"_N$horizontalAlign":1,"_N$verticalAlign":1},{"__type__":"cc.Node","_name":"ConfirmButton","_parent":{"__id__":1},"_children":[{"__id__":27}],"_components":[{"__id__":28}],"_prefab":{"__type__":"cc.PrefabInfo","root":{"__id__":1},"asset":{"__uuid__":"96iM12+dxF26qG3qGIwcPl"},"fileId":"e6fDvzV2BNcai6uSPIWqLf"},"_contentSize":{"__type__":"cc.Size","width":414,"height":124},"_trs":{"__type__":"TypedArray","ctor":"Float64Array","array":[0,-562,0,0,0,0,1,1,1,1]}},{"__type__":"cc.Node","_name":"Background","_parent":{"__id__":26},"_components":[{"__type__":"cc.Sprite","node":{"__id__":27},"_spriteFrame":{"__uuid__":"ffYE0XXo1B97qxR7R+irDY"}}],"_prefab":{"__type__":"cc.PrefabInfo","root":{"__id__":1},"asset":{"__uuid__":"96iM12+dxF26qG3qGIwcPl"},"fileId":"0djyzr+DROBZTQrEjv/mpA"},"_color":{"__type__":"cc.Color","r":230,"g":230,"b":230},"_contentSize":{"__type__":"cc.Size","width":471,"height":151},"_trs":{"__type__":"TypedArray","ctor":"Float64Array","array":[0,0,0,0,0,0,1,1,1,1]}},{"__type__":"cc.Button","node":{"__id__":26},"_N$transition":3,"transition":3,"_N$normalColor":{"__type__":"cc.Color","r":230,"g":230,"b":230},"_N$pressedColor":{"__type__":"cc.Color","r":200,"g":200,"b":200},"pressedColor":{"__type__":"cc.Color","r":200,"g":200,"b":200},"_N$disabledColor":{"__type__":"cc.Color","r":120,"g":120,"b":120,"a":200},"_N$normalSprite":{"__uuid__":"ffYE0XXo1B97qxR7R+irDY"},"_N$pressedSprite":{"__uuid__":"e97GVMl6JHh5Ml5qEDdSGa"},"pressedSprite":{"__uuid__":"e97GVMl6JHh5Ml5qEDdSGa"},"_N$hoverSprite":{"__uuid__":"f0BIwQ8D5Ml7nTNQbh1YlS"},"hoverSprite":{"__uuid__":"f0BIwQ8D5Ml7nTNQbh1YlS"},"_N$disabledSprite":{"__uuid__":"29FYIk+N1GYaeWH/q1NxQO"},"_N$target":{"__id__":27}},{"__type__":"cc.Node","_name":"Stars","_parent":{"__id__":1},"_children":[{"__id__":30},{"__id__":31},{"__id__":32},{"__id__":33},{"__id__":34},{"__id__":35},{"__id__":36},{"__id__":37}],"_prefab":{"__type__":"cc.PrefabInfo","root":{"__id__":1},"asset":{"__uuid__":"96iM12+dxF26qG3qGIwcPl"},"fileId":"a0I3j+ZH5LNLafSRHaKxYY"},"_trs":{"__type__":"TypedArray","ctor":"Float64Array","array":[0,0,0,0,0,0,1,1,1,1]}},{"__type__":"cc.Node","_name":"bg_star1","_parent":{"__id__":29},"_components":[{"__type__":"cc.Sprite","node":{"__id__":30},"_spriteFrame":{"__uuid__":"16Q0HUbnlGf7AUPTgFTKo2"}}],"_prefab":{"__type__":"cc.PrefabInfo","root":{"__id__":1},"asset":{"__uuid__":"96iM12+dxF26qG3qGIwcPl"},"fileId":"99ImKYmbZHSJ2l/7kQmv9U"},"_opacity":0,"_contentSize":{"__type__":"cc.Size","width":75,"height":81},"_trs":{"__type__":"TypedArray","ctor":"Float64Array","array":[-369,665,0,0,0,0,1,1,1,1]}},{"__type__":"cc.Node","_name":"bg_star2","_parent":{"__id__":29},"_components":[{"__type__":"cc.Sprite","node":{"__id__":31},"_spriteFrame":{"__uuid__":"0ehMkYSKpHYpIc4LuqF6YG"}}],"_prefab":{"__type__":"cc.PrefabInfo","root":{"__id__":1},"asset":{"__uuid__":"96iM12+dxF26qG3qGIwcPl"},"fileId":"1d92B5MOFBFKkxOfpjfXdf"},"_opacity":0,"_contentSize":{"__type__":"cc.Size","width":58,"height":59},"_trs":{"__type__":"TypedArray","ctor":"Float64Array","array":[-243,713,0,0,0,0,1,1,1,1]}},{"__type__":"cc.Node","_name":"bg_star2","_parent":{"__id__":29},"_components":[{"__type__":"cc.Sprite","node":{"__id__":32},"_spriteFrame":{"__uuid__":"0ehMkYSKpHYpIc4LuqF6YG"}}],"_prefab":{"__type__":"cc.PrefabInfo","root":{"__id__":1},"asset":{"__uuid__":"96iM12+dxF26qG3qGIwcPl"},"fileId":"a6uYFFiUJH44/v53gU+wz/"},"_opacity":0,"_contentSize":{"__type__":"cc.Size","width":58,"height":59},"_trs":{"__type__":"TypedArray","ctor":"Float64Array","array":[250,825,0,0,0,0,1,1,1,1]}},{"__type__":"cc.Node","_name":"bg_star1","_parent":{"__id__":29},"_components":[{"__type__":"cc.Sprite","node":{"__id__":33},"_spriteFrame":{"__uuid__":"16Q0HUbnlGf7AUPTgFTKo2"}}],"_prefab":{"__type__":"cc.PrefabInfo","root":{"__id__":1},"asset":{"__uuid__":"96iM12+dxF26qG3qGIwcPl"},"fileId":"39bHKxLvJD85UTLw0yFpdo"},"_opacity":0,"_contentSize":{"__type__":"cc.Size","width":75,"height":81},"_trs":{"__type__":"TypedArray","ctor":"Float64Array","array":[240,529,0,0,0,0,1,1,1,1]}},{"__type__":"cc.Node","_name":"bg_star1","_parent":{"__id__":29},"_components":[{"__type__":"cc.Sprite","node":{"__id__":34},"_spriteFrame":{"__uuid__":"16Q0HUbnlGf7AUPTgFTKo2"}}],"_prefab":{"__type__":"cc.PrefabInfo","root":{"__id__":1},"asset":{"__uuid__":"96iM12+dxF26qG3qGIwcPl"},"fileId":"69PC+ODbRIZZdHXuGBbi2l"},"_opacity":0,"_contentSize":{"__type__":"cc.Size","width":75,"height":81},"_trs":{"__type__":"TypedArray","ctor":"Float64Array","array":[-208,583,0,0,0,0,1,1,1,1]}},{"__type__":"cc.Node","_name":"bg_star1","_parent":{"__id__":29},"_components":[{"__type__":"cc.Sprite","node":{"__id__":35},"_spriteFrame":{"__uuid__":"16Q0HUbnlGf7AUPTgFTKo2"}}],"_prefab":{"__type__":"cc.PrefabInfo","root":{"__id__":1},"asset":{"__uuid__":"96iM12+dxF26qG3qGIwcPl"},"fileId":"a5gsg7eGZMb7XlhPm02/8f"},"_opacity":0,"_contentSize":{"__type__":"cc.Size","width":75,"height":81},"_trs":{"__type__":"TypedArray","ctor":"Float64Array","array":[-123,496,0,0,0,0,1,1,1,1]}},{"__type__":"cc.Node","_name":"bg_star2","_parent":{"__id__":29},"_components":[{"__type__":"cc.Sprite","node":{"__id__":36},"_spriteFrame":{"__uuid__":"0ehMkYSKpHYpIc4LuqF6YG"}}],"_prefab":{"__type__":"cc.PrefabInfo","root":{"__id__":1},"asset":{"__uuid__":"96iM12+dxF26qG3qGIwcPl"},"fileId":"03rYMAD5xNebqHmXq2O3Sd"},"_opacity":0,"_contentSize":{"__type__":"cc.Size","width":58,"height":59},"_trs":{"__type__":"TypedArray","ctor":"Float64Array","array":[-184,881,0,0,0,0,1,1,1,1]}},{"__type__":"cc.Node","_name":"bg_star2","_parent":{"__id__":29},"_components":[{"__type__":"cc.Sprite","node":{"__id__":37},"_spriteFrame":{"__uuid__":"0ehMkYSKpHYpIc4LuqF6YG"}}],"_prefab":{"__type__":"cc.PrefabInfo","root":{"__id__":1},"asset":{"__uuid__":"96iM12+dxF26qG3qGIwcPl"},"fileId":"31KNse1yZOLLu0zFZ72tOA"},"_opacity":0,"_contentSize":{"__type__":"cc.Size","width":58,"height":59},"_trs":{"__type__":"TypedArray","ctor":"Float64Array","array":[369,711,0,0,0,0,1,1,1,1]}},{"__type__":"cc.Node","_name":"Stacks","_parent":{"__id__":1},"_children":[{"__id__":39},{"__id__":41},{"__id__":43},{"__id__":45},{"__id__":47},{"__id__":49},{"__id__":51},{"__id__":53},{"__id__":55},{"__id__":57},{"__id__":59},{"__id__":61},{"__id__":63},{"__id__":65},{"__id__":67},{"__id__":69},{"__id__":71},{"__id__":73},{"__id__":75},{"__id__":77}],"_components":[{"__type__":"cc.Layout","node":{"__id__":38},"_N$layoutType":1,"_N$spacingX":-4}],"_prefab":{"__type__":"cc.PrefabInfo","root":{"__id__":1},"asset":{"__uuid__":"96iM12+dxF26qG3qGIwcPl"},"fileId":"4fBD/cUxpHF6nLyTARYHbW"},"_contentSize":{"__type__":"cc.Size","width":300,"height":200},"_trs":{"__type__":"TypedArray","ctor":"Float64Array","array":[-244.4,1.6,0,0,0,0,1,1,1,1]}},{"__type__":"cc.Node","_name":"21cash-resultcard","_parent":{"__id__":38},"_children":[{"__id__":40}],"_active":false,"_components":[{"__type__":"cc.Sprite","node":{"__id__":39},"_spriteFrame":{"__uuid__":"911MniBLlPqa9fhBOpHTd5"}},{"__type__":"cc.Animation","node":{"__id__":39},"_defaultClip":{"__uuid__":"58JycnwL5Jp4nPyF2jqmXg"},"_clips":[{"__uuid__":"58JycnwL5Jp4nPyF2jqmXg"}]}],"_prefab":{"__type__":"cc.PrefabInfo","root":{"__id__":1},"asset":{"__uuid__":"96iM12+dxF26qG3qGIwcPl"},"fileId":"fbZcby3INMQo40DPyCcP8L"},"_contentSize":{"__type__":"cc.Size","width":37,"height":56},"_trs":{"__type__":"TypedArray","ctor":"Float64Array","array":[-131.5,48.2,0,0,0,0,1,1,1,1]}},{"__type__":"cc.Node","_name":"ae_resultlight01","_parent":{"__id__":39},"_components":[{"__type__":"cc.Sprite","node":{"__id__":40},"_spriteFrame":{"__uuid__":"92YhxiMopOgrUMuho4Bqj/"},"_sizeMode":2,"_isTrimmedMode":false}],"_prefab":{"__type__":"cc.PrefabInfo","root":{"__id__":1},"asset":{"__uuid__":"96iM12+dxF26qG3qGIwcPl"},"fileId":"e2rAw4TY1OAptu+oUwMfVp"},"_contentSize":{"__type__":"cc.Size","width":61,"height":88},"_trs":{"__type__":"TypedArray","ctor":"Float64Array","array":[0.4,6.1,0,0,0,0,1,1,1,1]}},{"__type__":"cc.Node","_name":"21cash-resultcard","_parent":{"__id__":38},"_children":[{"__id__":42}],"_active":false,"_components":[{"__type__":"cc.Sprite","node":{"__id__":41},"_spriteFrame":{"__uuid__":"911MniBLlPqa9fhBOpHTd5"}},{"__type__":"cc.Animation","node":{"__id__":41},"_defaultClip":{"__uuid__":"58JycnwL5Jp4nPyF2jqmXg"},"_clips":[{"__uuid__":"58JycnwL5Jp4nPyF2jqmXg"}]}],"_prefab":{"__type__":"cc.PrefabInfo","root":{"__id__":1},"asset":{"__uuid__":"96iM12+dxF26qG3qGIwcPl"},"fileId":"d00dB7rjxHi4L+CNJW6Kei"},"_contentSize":{"__type__":"cc.Size","width":37,"height":56},"_trs":{"__type__":"TypedArray","ctor":"Float64Array","array":[-131.5,48.2,0,0,0,0,1,1,1,1]}},{"__type__":"cc.Node","_name":"ae_resultlight01","_parent":{"__id__":41},"_components":[{"__type__":"cc.Sprite","node":{"__id__":42},"_spriteFrame":{"__uuid__":"92YhxiMopOgrUMuho4Bqj/"},"_sizeMode":2,"_isTrimmedMode":false}],"_prefab":{"__type__":"cc.PrefabInfo","root":{"__id__":1},"asset":{"__uuid__":"96iM12+dxF26qG3qGIwcPl"},"fileId":"73ARzfHyNJ1IW7bwdwGx0g"},"_contentSize":{"__type__":"cc.Size","width":61,"height":88},"_trs":{"__type__":"TypedArray","ctor":"Float64Array","array":[0.4,6.1,0,0,0,0,1,1,1,1]}},{"__type__":"cc.Node","_name":"21cash-resultcard","_parent":{"__id__":38},"_children":[{"__id__":44}],"_active":false,"_components":[{"__type__":"cc.Sprite","node":{"__id__":43},"_spriteFrame":{"__uuid__":"911MniBLlPqa9fhBOpHTd5"}},{"__type__":"cc.Animation","node":{"__id__":43},"_defaultClip":{"__uuid__":"58JycnwL5Jp4nPyF2jqmXg"},"_clips":[{"__uuid__":"58JycnwL5Jp4nPyF2jqmXg"}]}],"_prefab":{"__type__":"cc.PrefabInfo","root":{"__id__":1},"asset":{"__uuid__":"96iM12+dxF26qG3qGIwcPl"},"fileId":"22/DmbX41ErppcnWDC9IZ0"},"_contentSize":{"__type__":"cc.Size","width":37,"height":56},"_trs":{"__type__":"TypedArray","ctor":"Float64Array","array":[-131.5,48.2,0,0,0,0,1,1,1,1]}},{"__type__":"cc.Node","_name":"ae_resultlight01","_parent":{"__id__":43},"_components":[{"__type__":"cc.Sprite","node":{"__id__":44},"_spriteFrame":{"__uuid__":"92YhxiMopOgrUMuho4Bqj/"},"_sizeMode":2,"_isTrimmedMode":false}],"_prefab":{"__type__":"cc.PrefabInfo","root":{"__id__":1},"asset":{"__uuid__":"96iM12+dxF26qG3qGIwcPl"},"fileId":"10lI91gg5P0bbWQlNsz7Ey"},"_contentSize":{"__type__":"cc.Size","width":61,"height":88},"_trs":{"__type__":"TypedArray","ctor":"Float64Array","array":[0.4,6.1,0,0,0,0,1,1,1,1]}},{"__type__":"cc.Node","_name":"21cash-resultcard","_parent":{"__id__":38},"_children":[{"__id__":46}],"_active":false,"_components":[{"__type__":"cc.Sprite","node":{"__id__":45},"_spriteFrame":{"__uuid__":"911MniBLlPqa9fhBOpHTd5"}},{"__type__":"cc.Animation","node":{"__id__":45},"_defaultClip":{"__uuid__":"58JycnwL5Jp4nPyF2jqmXg"},"_clips":[{"__uuid__":"58JycnwL5Jp4nPyF2jqmXg"}]}],"_prefab":{"__type__":"cc.PrefabInfo","root":{"__id__":1},"asset":{"__uuid__":"96iM12+dxF26qG3qGIwcPl"},"fileId":"a96FfEblRKGJU6FADALhGW"},"_contentSize":{"__type__":"cc.Size","width":37,"height":56},"_trs":{"__type__":"TypedArray","ctor":"Float64Array","array":[-131.5,48.2,0,0,0,0,1,1,1,1]}},{"__type__":"cc.Node","_name":"ae_resultlight01","_parent":{"__id__":45},"_components":[{"__type__":"cc.Sprite","node":{"__id__":46},"_spriteFrame":{"__uuid__":"92YhxiMopOgrUMuho4Bqj/"},"_sizeMode":2,"_isTrimmedMode":false}],"_prefab":{"__type__":"cc.PrefabInfo","root":{"__id__":1},"asset":{"__uuid__":"96iM12+dxF26qG3qGIwcPl"},"fileId":"4fDlS7XB9NHrDmw7ypBg/a"},"_contentSize":{"__type__":"cc.Size","width":61,"height":88},"_trs":{"__type__":"TypedArray","ctor":"Float64Array","array":[0.4,6.1,0,0,0,0,1,1,1,1]}},{"__type__":"cc.Node","_name":"21cash-resultcard","_parent":{"__id__":38},"_children":[{"__id__":48}],"_active":false,"_components":[{"__type__":"cc.Sprite","node":{"__id__":47},"_spriteFrame":{"__uuid__":"911MniBLlPqa9fhBOpHTd5"}},{"__type__":"cc.Animation","node":{"__id__":47},"_defaultClip":{"__uuid__":"58JycnwL5Jp4nPyF2jqmXg"},"_clips":[{"__uuid__":"58JycnwL5Jp4nPyF2jqmXg"}]}],"_prefab":{"__type__":"cc.PrefabInfo","root":{"__id__":1},"asset":{"__uuid__":"96iM12+dxF26qG3qGIwcPl"},"fileId":"86JiOcQFJEuLrHjr65JnvI"},"_contentSize":{"__type__":"cc.Size","width":37,"height":56},"_trs":{"__type__":"TypedArray","ctor":"Float64Array","array":[-131.5,48.2,0,0,0,0,1,1,1,1]}},{"__type__":"cc.Node","_name":"ae_resultlight01","_parent":{"__id__":47},"_components":[{"__type__":"cc.Sprite","node":{"__id__":48},"_spriteFrame":{"__uuid__":"92YhxiMopOgrUMuho4Bqj/"},"_sizeMode":2,"_isTrimmedMode":false}],"_prefab":{"__type__":"cc.PrefabInfo","root":{"__id__":1},"asset":{"__uuid__":"96iM12+dxF26qG3qGIwcPl"},"fileId":"6eCDfuNexASYhlXs/hCQdh"},"_contentSize":{"__type__":"cc.Size","width":61,"height":88},"_trs":{"__type__":"TypedArray","ctor":"Float64Array","array":[0.4,6.1,0,0,0,0,1,1,1,1]}},{"__type__":"cc.Node","_name":"21cash-resultcard","_parent":{"__id__":38},"_children":[{"__id__":50}],"_active":false,"_components":[{"__type__":"cc.Sprite","node":{"__id__":49},"_spriteFrame":{"__uuid__":"911MniBLlPqa9fhBOpHTd5"}},{"__type__":"cc.Animation","node":{"__id__":49},"_defaultClip":{"__uuid__":"58JycnwL5Jp4nPyF2jqmXg"},"_clips":[{"__uuid__":"58JycnwL5Jp4nPyF2jqmXg"}]}],"_prefab":{"__type__":"cc.PrefabInfo","root":{"__id__":1},"asset":{"__uuid__":"96iM12+dxF26qG3qGIwcPl"},"fileId":"18xm99DphDq6mRZcEbtzJw"},"_contentSize":{"__type__":"cc.Size","width":37,"height":56},"_trs":{"__type__":"TypedArray","ctor":"Float64Array","array":[-131.5,48.2,0,0,0,0,1,1,1,1]}},{"__type__":"cc.Node","_name":"ae_resultlight01","_parent":{"__id__":49},"_components":[{"__type__":"cc.Sprite","node":{"__id__":50},"_spriteFrame":{"__uuid__":"92YhxiMopOgrUMuho4Bqj/"},"_sizeMode":2,"_isTrimmedMode":false}],"_prefab":{"__type__":"cc.PrefabInfo","root":{"__id__":1},"asset":{"__uuid__":"96iM12+dxF26qG3qGIwcPl"},"fileId":"b6G53ZKJ1LerEUISbanO7v"},"_contentSize":{"__type__":"cc.Size","width":61,"height":88},"_trs":{"__type__":"TypedArray","ctor":"Float64Array","array":[0.4,6.1,0,0,0,0,1,1,1,1]}},{"__type__":"cc.Node","_name":"21cash-resultcard","_parent":{"__id__":38},"_children":[{"__id__":52}],"_active":false,"_components":[{"__type__":"cc.Sprite","node":{"__id__":51},"_spriteFrame":{"__uuid__":"911MniBLlPqa9fhBOpHTd5"}},{"__type__":"cc.Animation","node":{"__id__":51},"_defaultClip":{"__uuid__":"58JycnwL5Jp4nPyF2jqmXg"},"_clips":[{"__uuid__":"58JycnwL5Jp4nPyF2jqmXg"}]}],"_prefab":{"__type__":"cc.PrefabInfo","root":{"__id__":1},"asset":{"__uuid__":"96iM12+dxF26qG3qGIwcPl"},"fileId":"e5RO6YuWxPxpk2DAwFAS5k"},"_contentSize":{"__type__":"cc.Size","width":37,"height":56},"_trs":{"__type__":"TypedArray","ctor":"Float64Array","array":[-131.5,48.2,0,0,0,0,1,1,1,1]}},{"__type__":"cc.Node","_name":"ae_resultlight01","_parent":{"__id__":51},"_components":[{"__type__":"cc.Sprite","node":{"__id__":52},"_spriteFrame":{"__uuid__":"92YhxiMopOgrUMuho4Bqj/"},"_sizeMode":2,"_isTrimmedMode":false}],"_prefab":{"__type__":"cc.PrefabInfo","root":{"__id__":1},"asset":{"__uuid__":"96iM12+dxF26qG3qGIwcPl"},"fileId":"efd2x3NnRJ57jEG1NhXz+x"},"_contentSize":{"__type__":"cc.Size","width":61,"height":88},"_trs":{"__type__":"TypedArray","ctor":"Float64Array","array":[0.4,6.1,0,0,0,0,1,1,1,1]}},{"__type__":"cc.Node","_name":"21cash-resultcard","_parent":{"__id__":38},"_children":[{"__id__":54}],"_active":false,"_components":[{"__type__":"cc.Sprite","node":{"__id__":53},"_spriteFrame":{"__uuid__":"911MniBLlPqa9fhBOpHTd5"}},{"__type__":"cc.Animation","node":{"__id__":53},"_defaultClip":{"__uuid__":"58JycnwL5Jp4nPyF2jqmXg"},"_clips":[{"__uuid__":"58JycnwL5Jp4nPyF2jqmXg"}]}],"_prefab":{"__type__":"cc.PrefabInfo","root":{"__id__":1},"asset":{"__uuid__":"96iM12+dxF26qG3qGIwcPl"},"fileId":"56uAzt1WxE2LvlemGHe1Ct"},"_contentSize":{"__type__":"cc.Size","width":37,"height":56},"_trs":{"__type__":"TypedArray","ctor":"Float64Array","array":[-131.5,48.2,0,0,0,0,1,1,1,1]}},{"__type__":"cc.Node","_name":"ae_resultlight01","_parent":{"__id__":53},"_components":[{"__type__":"cc.Sprite","node":{"__id__":54},"_spriteFrame":{"__uuid__":"92YhxiMopOgrUMuho4Bqj/"},"_sizeMode":2,"_isTrimmedMode":false}],"_prefab":{"__type__":"cc.PrefabInfo","root":{"__id__":1},"asset":{"__uuid__":"96iM12+dxF26qG3qGIwcPl"},"fileId":"17Sm4LU2dHlK+YKqddET0W"},"_contentSize":{"__type__":"cc.Size","width":61,"height":88},"_trs":{"__type__":"TypedArray","ctor":"Float64Array","array":[0.4,6.1,0,0,0,0,1,1,1,1]}},{"__type__":"cc.Node","_name":"21cash-resultcard","_parent":{"__id__":38},"_children":[{"__id__":56}],"_active":false,"_components":[{"__type__":"cc.Sprite","node":{"__id__":55},"_spriteFrame":{"__uuid__":"911MniBLlPqa9fhBOpHTd5"}},{"__type__":"cc.Animation","node":{"__id__":55},"_defaultClip":{"__uuid__":"58JycnwL5Jp4nPyF2jqmXg"},"_clips":[{"__uuid__":"58JycnwL5Jp4nPyF2jqmXg"}]}],"_prefab":{"__type__":"cc.PrefabInfo","root":{"__id__":1},"asset":{"__uuid__":"96iM12+dxF26qG3qGIwcPl"},"fileId":"11SdG8b+tAJqNcgUVq4Tq6"},"_contentSize":{"__type__":"cc.Size","width":37,"height":56},"_trs":{"__type__":"TypedArray","ctor":"Float64Array","array":[-131.5,48.2,0,0,0,0,1,1,1,1]}},{"__type__":"cc.Node","_name":"ae_resultlight01","_parent":{"__id__":55},"_components":[{"__type__":"cc.Sprite","node":{"__id__":56},"_spriteFrame":{"__uuid__":"92YhxiMopOgrUMuho4Bqj/"},"_sizeMode":2,"_isTrimmedMode":false}],"_prefab":{"__type__":"cc.PrefabInfo","root":{"__id__":1},"asset":{"__uuid__":"96iM12+dxF26qG3qGIwcPl"},"fileId":"2e42m92DRPV4vWE4DKR0qw"},"_contentSize":{"__type__":"cc.Size","width":61,"height":88},"_trs":{"__type__":"TypedArray","ctor":"Float64Array","array":[0.4,6.1,0,0,0,0,1,1,1,1]}},{"__type__":"cc.Node","_name":"21cash-resultcard","_parent":{"__id__":38},"_children":[{"__id__":58}],"_active":false,"_components":[{"__type__":"cc.Sprite","node":{"__id__":57},"_spriteFrame":{"__uuid__":"911MniBLlPqa9fhBOpHTd5"}},{"__type__":"cc.Animation","node":{"__id__":57},"_defaultClip":{"__uuid__":"58JycnwL5Jp4nPyF2jqmXg"},"_clips":[{"__uuid__":"58JycnwL5Jp4nPyF2jqmXg"}]}],"_prefab":{"__type__":"cc.PrefabInfo","root":{"__id__":1},"asset":{"__uuid__":"96iM12+dxF26qG3qGIwcPl"},"fileId":"d9zuO+fBVAn64UP3k1Rqi+"},"_contentSize":{"__type__":"cc.Size","width":37,"height":56},"_trs":{"__type__":"TypedArray","ctor":"Float64Array","array":[-131.5,48.2,0,0,0,0,1,1,1,1]}},{"__type__":"cc.Node","_name":"ae_resultlight01","_parent":{"__id__":57},"_components":[{"__type__":"cc.Sprite","node":{"__id__":58},"_spriteFrame":{"__uuid__":"92YhxiMopOgrUMuho4Bqj/"},"_sizeMode":2,"_isTrimmedMode":false}],"_prefab":{"__type__":"cc.PrefabInfo","root":{"__id__":1},"asset":{"__uuid__":"96iM12+dxF26qG3qGIwcPl"},"fileId":"9d5u5eoZlMroIgLaPyr5kY"},"_contentSize":{"__type__":"cc.Size","width":61,"height":88},"_trs":{"__type__":"TypedArray","ctor":"Float64Array","array":[0.4,6.1,0,0,0,0,1,1,1,1]}},{"__type__":"cc.Node","_name":"21cash-resultcard","_parent":{"__id__":38},"_children":[{"__id__":60}],"_active":false,"_components":[{"__type__":"cc.Sprite","node":{"__id__":59},"_spriteFrame":{"__uuid__":"911MniBLlPqa9fhBOpHTd5"}},{"__type__":"cc.Animation","node":{"__id__":59},"_defaultClip":{"__uuid__":"58JycnwL5Jp4nPyF2jqmXg"},"_clips":[{"__uuid__":"58JycnwL5Jp4nPyF2jqmXg"}]}],"_prefab":{"__type__":"cc.PrefabInfo","root":{"__id__":1},"asset":{"__uuid__":"96iM12+dxF26qG3qGIwcPl"},"fileId":"faKBwDj7xJ3I8Xy5DCmWwi"},"_contentSize":{"__type__":"cc.Size","width":37,"height":56},"_trs":{"__type__":"TypedArray","ctor":"Float64Array","array":[-131.5,48.2,0,0,0,0,1,1,1,1]}},{"__type__":"cc.Node","_name":"ae_resultlight01","_parent":{"__id__":59},"_components":[{"__type__":"cc.Sprite","node":{"__id__":60},"_spriteFrame":{"__uuid__":"92YhxiMopOgrUMuho4Bqj/"},"_sizeMode":2,"_isTrimmedMode":false}],"_prefab":{"__type__":"cc.PrefabInfo","root":{"__id__":1},"asset":{"__uuid__":"96iM12+dxF26qG3qGIwcPl"},"fileId":"2dLwb6OBNDKpEOEeW6+HVw"},"_contentSize":{"__type__":"cc.Size","width":61,"height":88},"_trs":{"__type__":"TypedArray","ctor":"Float64Array","array":[0.4,6.1,0,0,0,0,1,1,1,1]}},{"__type__":"cc.Node","_name":"21cash-resultcard","_parent":{"__id__":38},"_children":[{"__id__":62}],"_active":false,"_components":[{"__type__":"cc.Sprite","node":{"__id__":61},"_spriteFrame":{"__uuid__":"911MniBLlPqa9fhBOpHTd5"}},{"__type__":"cc.Animation","node":{"__id__":61},"_defaultClip":{"__uuid__":"58JycnwL5Jp4nPyF2jqmXg"},"_clips":[{"__uuid__":"58JycnwL5Jp4nPyF2jqmXg"}]}],"_prefab":{"__type__":"cc.PrefabInfo","root":{"__id__":1},"asset":{"__uuid__":"96iM12+dxF26qG3qGIwcPl"},"fileId":"f26gCwT0JBfKdHsw97V5vu"},"_contentSize":{"__type__":"cc.Size","width":37,"height":56},"_trs":{"__type__":"TypedArray","ctor":"Float64Array","array":[-131.5,48.2,0,0,0,0,1,1,1,1]}},{"__type__":"cc.Node","_name":"ae_resultlight01","_parent":{"__id__":61},"_components":[{"__type__":"cc.Sprite","node":{"__id__":62},"_spriteFrame":{"__uuid__":"92YhxiMopOgrUMuho4Bqj/"},"_sizeMode":2,"_isTrimmedMode":false}],"_prefab":{"__type__":"cc.PrefabInfo","root":{"__id__":1},"asset":{"__uuid__":"96iM12+dxF26qG3qGIwcPl"},"fileId":"5f1aMoYrRLjIpgkgY7dyL+"},"_contentSize":{"__type__":"cc.Size","width":61,"height":88},"_trs":{"__type__":"TypedArray","ctor":"Float64Array","array":[0.4,6.1,0,0,0,0,1,1,1,1]}},{"__type__":"cc.Node","_name":"21cash-resultcard","_parent":{"__id__":38},"_children":[{"__id__":64}],"_active":false,"_components":[{"__type__":"cc.Sprite","node":{"__id__":63},"_spriteFrame":{"__uuid__":"911MniBLlPqa9fhBOpHTd5"}},{"__type__":"cc.Animation","node":{"__id__":63},"_defaultClip":{"__uuid__":"58JycnwL5Jp4nPyF2jqmXg"},"_clips":[{"__uuid__":"58JycnwL5Jp4nPyF2jqmXg"}]}],"_prefab":{"__type__":"cc.PrefabInfo","root":{"__id__":1},"asset":{"__uuid__":"96iM12+dxF26qG3qGIwcPl"},"fileId":"5dXhNReO9J55MRB0gxNxeS"},"_contentSize":{"__type__":"cc.Size","width":37,"height":56},"_trs":{"__type__":"TypedArray","ctor":"Float64Array","array":[-131.5,48.2,0,0,0,0,1,1,1,1]}},{"__type__":"cc.Node","_name":"ae_resultlight01","_parent":{"__id__":63},"_components":[{"__type__":"cc.Sprite","node":{"__id__":64},"_spriteFrame":{"__uuid__":"92YhxiMopOgrUMuho4Bqj/"},"_sizeMode":2,"_isTrimmedMode":false}],"_prefab":{"__type__":"cc.PrefabInfo","root":{"__id__":1},"asset":{"__uuid__":"96iM12+dxF26qG3qGIwcPl"},"fileId":"0dFXv4lmNFlJoj7PeCF5in"},"_contentSize":{"__type__":"cc.Size","width":61,"height":88},"_trs":{"__type__":"TypedArray","ctor":"Float64Array","array":[0.4,6.1,0,0,0,0,1,1,1,1]}},{"__type__":"cc.Node","_name":"21cash-resultcard","_parent":{"__id__":38},"_children":[{"__id__":66}],"_active":false,"_components":[{"__type__":"cc.Sprite","node":{"__id__":65},"_spriteFrame":{"__uuid__":"911MniBLlPqa9fhBOpHTd5"}},{"__type__":"cc.Animation","node":{"__id__":65},"_defaultClip":{"__uuid__":"58JycnwL5Jp4nPyF2jqmXg"},"_clips":[{"__uuid__":"58JycnwL5Jp4nPyF2jqmXg"}]}],"_prefab":{"__type__":"cc.PrefabInfo","root":{"__id__":1},"asset":{"__uuid__":"96iM12+dxF26qG3qGIwcPl"},"fileId":"73lJvhnrVJQpYPRYBTgds9"},"_contentSize":{"__type__":"cc.Size","width":37,"height":56},"_trs":{"__type__":"TypedArray","ctor":"Float64Array","array":[-131.5,48.2,0,0,0,0,1,1,1,1]}},{"__type__":"cc.Node","_name":"ae_resultlight01","_parent":{"__id__":65},"_components":[{"__type__":"cc.Sprite","node":{"__id__":66},"_spriteFrame":{"__uuid__":"92YhxiMopOgrUMuho4Bqj/"},"_sizeMode":2,"_isTrimmedMode":false}],"_prefab":{"__type__":"cc.PrefabInfo","root":{"__id__":1},"asset":{"__uuid__":"96iM12+dxF26qG3qGIwcPl"},"fileId":"474m1HbWRG8a+9XAlmkNhb"},"_contentSize":{"__type__":"cc.Size","width":61,"height":88},"_trs":{"__type__":"TypedArray","ctor":"Float64Array","array":[0.4,6.1,0,0,0,0,1,1,1,1]}},{"__type__":"cc.Node","_name":"21cash-resultcard","_parent":{"__id__":38},"_children":[{"__id__":68}],"_active":false,"_components":[{"__type__":"cc.Sprite","node":{"__id__":67},"_spriteFrame":{"__uuid__":"911MniBLlPqa9fhBOpHTd5"}},{"__type__":"cc.Animation","node":{"__id__":67},"_defaultClip":{"__uuid__":"58JycnwL5Jp4nPyF2jqmXg"},"_clips":[{"__uuid__":"58JycnwL5Jp4nPyF2jqmXg"}]}],"_prefab":{"__type__":"cc.PrefabInfo","root":{"__id__":1},"asset":{"__uuid__":"96iM12+dxF26qG3qGIwcPl"},"fileId":"d5oAaVoONDy45a2yNCh2BX"},"_contentSize":{"__type__":"cc.Size","width":37,"height":56},"_trs":{"__type__":"TypedArray","ctor":"Float64Array","array":[-131.5,48.2,0,0,0,0,1,1,1,1]}},{"__type__":"cc.Node","_name":"ae_resultlight01","_parent":{"__id__":67},"_components":[{"__type__":"cc.Sprite","node":{"__id__":68},"_spriteFrame":{"__uuid__":"92YhxiMopOgrUMuho4Bqj/"},"_sizeMode":2,"_isTrimmedMode":false}],"_prefab":{"__type__":"cc.PrefabInfo","root":{"__id__":1},"asset":{"__uuid__":"96iM12+dxF26qG3qGIwcPl"},"fileId":"d1aYo2Q7FH+qDBFt7qpF/a"},"_contentSize":{"__type__":"cc.Size","width":61,"height":88},"_trs":{"__type__":"TypedArray","ctor":"Float64Array","array":[0.4,6.1,0,0,0,0,1,1,1,1]}},{"__type__":"cc.Node","_name":"21cash-resultcard","_parent":{"__id__":38},"_children":[{"__id__":70}],"_active":false,"_components":[{"__type__":"cc.Sprite","node":{"__id__":69},"_spriteFrame":{"__uuid__":"911MniBLlPqa9fhBOpHTd5"}},{"__type__":"cc.Animation","node":{"__id__":69},"_defaultClip":{"__uuid__":"58JycnwL5Jp4nPyF2jqmXg"},"_clips":[{"__uuid__":"58JycnwL5Jp4nPyF2jqmXg"}]}],"_prefab":{"__type__":"cc.PrefabInfo","root":{"__id__":1},"asset":{"__uuid__":"96iM12+dxF26qG3qGIwcPl"},"fileId":"c2iCV8ZyhFEoDYSBc7g994"},"_contentSize":{"__type__":"cc.Size","width":37,"height":56},"_trs":{"__type__":"TypedArray","ctor":"Float64Array","array":[-131.5,48.2,0,0,0,0,1,1,1,1]}},{"__type__":"cc.Node","_name":"ae_resultlight01","_parent":{"__id__":69},"_components":[{"__type__":"cc.Sprite","node":{"__id__":70},"_spriteFrame":{"__uuid__":"92YhxiMopOgrUMuho4Bqj/"},"_sizeMode":2,"_isTrimmedMode":false}],"_prefab":{"__type__":"cc.PrefabInfo","root":{"__id__":1},"asset":{"__uuid__":"96iM12+dxF26qG3qGIwcPl"},"fileId":"dfnu3j+hZNQ4wc6xV2JEMJ"},"_contentSize":{"__type__":"cc.Size","width":61,"height":88},"_trs":{"__type__":"TypedArray","ctor":"Float64Array","array":[0.4,6.1,0,0,0,0,1,1,1,1]}},{"__type__":"cc.Node","_name":"21cash-resultcard","_parent":{"__id__":38},"_children":[{"__id__":72}],"_active":false,"_components":[{"__type__":"cc.Sprite","node":{"__id__":71},"_spriteFrame":{"__uuid__":"911MniBLlPqa9fhBOpHTd5"}},{"__type__":"cc.Animation","node":{"__id__":71},"_defaultClip":{"__uuid__":"58JycnwL5Jp4nPyF2jqmXg"},"_clips":[{"__uuid__":"58JycnwL5Jp4nPyF2jqmXg"}]}],"_prefab":{"__type__":"cc.PrefabInfo","root":{"__id__":1},"asset":{"__uuid__":"96iM12+dxF26qG3qGIwcPl"},"fileId":"f3o8YWNFRBmblbEugQnRpJ"},"_contentSize":{"__type__":"cc.Size","width":37,"height":56},"_trs":{"__type__":"TypedArray","ctor":"Float64Array","array":[-131.5,48.2,0,0,0,0,1,1,1,1]}},{"__type__":"cc.Node","_name":"ae_resultlight01","_parent":{"__id__":71},"_components":[{"__type__":"cc.Sprite","node":{"__id__":72},"_spriteFrame":{"__uuid__":"92YhxiMopOgrUMuho4Bqj/"},"_sizeMode":2,"_isTrimmedMode":false}],"_prefab":{"__type__":"cc.PrefabInfo","root":{"__id__":1},"asset":{"__uuid__":"96iM12+dxF26qG3qGIwcPl"},"fileId":"15p/en+K1H366pZzhjUiCO"},"_contentSize":{"__type__":"cc.Size","width":61,"height":88},"_trs":{"__type__":"TypedArray","ctor":"Float64Array","array":[0.4,6.1,0,0,0,0,1,1,1,1]}},{"__type__":"cc.Node","_name":"21cash-resultcard","_parent":{"__id__":38},"_children":[{"__id__":74}],"_active":false,"_components":[{"__type__":"cc.Sprite","node":{"__id__":73},"_spriteFrame":{"__uuid__":"911MniBLlPqa9fhBOpHTd5"}},{"__type__":"cc.Animation","node":{"__id__":73},"_defaultClip":{"__uuid__":"58JycnwL5Jp4nPyF2jqmXg"},"_clips":[{"__uuid__":"58JycnwL5Jp4nPyF2jqmXg"}]}],"_prefab":{"__type__":"cc.PrefabInfo","root":{"__id__":1},"asset":{"__uuid__":"96iM12+dxF26qG3qGIwcPl"},"fileId":"437wMdMYJGJ5tED7B5TDrs"},"_contentSize":{"__type__":"cc.Size","width":37,"height":56},"_trs":{"__type__":"TypedArray","ctor":"Float64Array","array":[-131.5,48.2,0,0,0,0,1,1,1,1]}},{"__type__":"cc.Node","_name":"ae_resultlight01","_parent":{"__id__":73},"_components":[{"__type__":"cc.Sprite","node":{"__id__":74},"_spriteFrame":{"__uuid__":"92YhxiMopOgrUMuho4Bqj/"},"_sizeMode":2,"_isTrimmedMode":false}],"_prefab":{"__type__":"cc.PrefabInfo","root":{"__id__":1},"asset":{"__uuid__":"96iM12+dxF26qG3qGIwcPl"},"fileId":"43gRAkxNZGBo30kDSZ8ZuG"},"_contentSize":{"__type__":"cc.Size","width":61,"height":88},"_trs":{"__type__":"TypedArray","ctor":"Float64Array","array":[0.4,6.1,0,0,0,0,1,1,1,1]}},{"__type__":"cc.Node","_name":"21cash-resultcard","_parent":{"__id__":38},"_children":[{"__id__":76}],"_active":false,"_components":[{"__type__":"cc.Sprite","node":{"__id__":75},"_spriteFrame":{"__uuid__":"911MniBLlPqa9fhBOpHTd5"}},{"__type__":"cc.Animation","node":{"__id__":75},"_defaultClip":{"__uuid__":"58JycnwL5Jp4nPyF2jqmXg"},"_clips":[{"__uuid__":"58JycnwL5Jp4nPyF2jqmXg"}]}],"_prefab":{"__type__":"cc.PrefabInfo","root":{"__id__":1},"asset":{"__uuid__":"96iM12+dxF26qG3qGIwcPl"},"fileId":"f1bIhrH0JN7YTMgKGVtxSj"},"_contentSize":{"__type__":"cc.Size","width":37,"height":56},"_trs":{"__type__":"TypedArray","ctor":"Float64Array","array":[-131.5,48.2,0,0,0,0,1,1,1,1]}},{"__type__":"cc.Node","_name":"ae_resultlight01","_parent":{"__id__":75},"_components":[{"__type__":"cc.Sprite","node":{"__id__":76},"_spriteFrame":{"__uuid__":"92YhxiMopOgrUMuho4Bqj/"},"_sizeMode":2,"_isTrimmedMode":false}],"_prefab":{"__type__":"cc.PrefabInfo","root":{"__id__":1},"asset":{"__uuid__":"96iM12+dxF26qG3qGIwcPl"},"fileId":"d0aWfLsdBAFYFp+dvTr7Si"},"_contentSize":{"__type__":"cc.Size","width":61,"height":88},"_trs":{"__type__":"TypedArray","ctor":"Float64Array","array":[0.4,6.1,0,0,0,0,1,1,1,1]}},{"__type__":"cc.Node","_name":"21cash-resultcard","_parent":{"__id__":38},"_children":[{"__id__":78}],"_active":false,"_components":[{"__type__":"cc.Sprite","node":{"__id__":77},"_spriteFrame":{"__uuid__":"911MniBLlPqa9fhBOpHTd5"}},{"__type__":"cc.Animation","node":{"__id__":77},"_defaultClip":{"__uuid__":"58JycnwL5Jp4nPyF2jqmXg"},"_clips":[{"__uuid__":"58JycnwL5Jp4nPyF2jqmXg"}]}],"_prefab":{"__type__":"cc.PrefabInfo","root":{"__id__":1},"asset":{"__uuid__":"96iM12+dxF26qG3qGIwcPl"},"fileId":"83AGmP/V5DZ7aPEoYrYVSE"},"_contentSize":{"__type__":"cc.Size","width":37,"height":56},"_trs":{"__type__":"TypedArray","ctor":"Float64Array","array":[-131.5,48.2,0,0,0,0,1,1,1,1]}},{"__type__":"cc.Node","_name":"ae_resultlight01","_parent":{"__id__":77},"_components":[{"__type__":"cc.Sprite","node":{"__id__":78},"_spriteFrame":{"__uuid__":"92YhxiMopOgrUMuho4Bqj/"},"_sizeMode":2,"_isTrimmedMode":false}],"_prefab":{"__type__":"cc.PrefabInfo","root":{"__id__":1},"asset":{"__uuid__":"96iM12+dxF26qG3qGIwcPl"},"fileId":"7aCK5bFrZDqbK4DeHugVhY"},"_contentSize":{"__type__":"cc.Size","width":61,"height":88},"_trs":{"__type__":"TypedArray","ctor":"Float64Array","array":[0.4,6.1,0,0,0,0,1,1,1,1]}}],{"__type__":"cc.SpriteFrame","content":{"name":"ae_resultlight03","texture":"0fMjSE+yRKG6ZDHYRLK0NW","rect":[4,11,48,67],"offset":[-2.5,-0.5],"originalSize":[61,88],"capInsets":[0,0,0,0]}},{"__type__":"cc.SpriteFrame","content":{"name":"ae_resultlight05","texture":"839JClSnJHKZ0ymet2Dt8J","rect":[0,5,55,79],"offset":[-3,-0.5],"originalSize":[61,88],"capInsets":[0,0,0,0]}},{"__type__":"cc.SpriteFrame","content":{"name":"bg_font04","texture":"0444xw+bBAIZ4Aby1mOdZb","rect":[0,0,985,812],"offset":[0,0],"originalSize":[985,812],"capInsets":[0,0,0,0]}},{"__type__":"cc.SpriteFrame","content":{"name":"21cash-resultbling5","texture":"f3Ra1xkI9C2ZqkMLcztWjT","rect":[105,28,502,400],"offset":[7,51.5],"originalSize":[698,559],"capInsets":[0,0,0,0]}},{"__type__":"cc.SpriteFrame","content":{"name":"bg","texture":"fdlZtbZ4RHTIBaB31X4wAX","rect":[0,0,1464,2333],"offset":[0,0],"originalSize":[1464,2333],"capInsets":[0,0,0,0]}},{"__type__":"cc.LabelAtlas","_name":"Blue","spriteFrame":{"__uuid__":"56UwofY6BMpLfwdspYOSIU"},"fontSize":51.92,"_fntConfig":{"commonHeight":59,"fontSize":51,"atlasName":"bg_fontblue","fontDefDictionary":{"48":{"rect":{"x":0,"y":0,"width":45,"height":59},"xOffset":0,"yOffset":0,"xAdvance":45},"49":{"rect":{"x":45,"y":0,"width":45,"height":59},"xOffset":0,"yOffset":0,"xAdvance":45},"50":{"rect":{"x":90,"y":0,"width":45,"height":59},"xOffset":0,"yOffset":0,"xAdvance":45},"51":{"rect":{"x":135,"y":0,"width":45,"height":59},"xOffset":0,"yOffset":0,"xAdvance":45},"52":{"rect":{"x":180,"y":0,"width":45,"height":59},"xOffset":0,"yOffset":0,"xAdvance":45},"53":{"rect":{"x":225,"y":0,"width":45,"height":59},"xOffset":0,"yOffset":0,"xAdvance":45},"54":{"rect":{"x":270,"y":0,"width":45,"height":59},"xOffset":0,"yOffset":0,"xAdvance":45},"55":{"rect":{"x":315,"y":0,"width":45,"height":59},"xOffset":0,"yOffset":0,"xAdvance":45},"56":{"rect":{"x":360,"y":0,"width":45,"height":59},"xOffset":0,"yOffset":0,"xAdvance":45},"57":{"rect":{"x":405,"y":0,"width":45,"height":59},"xOffset":0,"yOffset":0,"xAdvance":45}},"kerningDict":{}}},{"__type__":"cc.SpriteFrame","content":{"name":"bg_fontred","texture":"5fsfYmJohMZYDrF1CDnmm5","rect":[2,4,444,52],"offset":[-1,-0.5],"originalSize":[450,59],"capInsets":[0,0,0,0]}},{"__type__":"cc.AnimationClip","_name":"bling","_duration":1.5,"speed":4,"curveData":{"comps":{"cc.Sprite":{"spriteFrame":[{"frame":0,"value":{"__uuid__":"2flQUsgWFI/YoHoXckbiUb"}},{"frame":0.16666666666666666,"value":{"__uuid__":"6dKwbEqgtOHpEHhvlBI8Rf"}},{"frame":0.3333333333333333,"value":{"__uuid__":"51FGCVhxRFGLVIZOfgASN5"}},{"frame":0.5,"value":{"__uuid__":"51FGCVhxRFGLVIZOfgASN5"}},{"frame":0.6666666666666666,"value":{"__uuid__":"72nQHKYwdJnLHcMpCAsHgf"}},{"frame":0.8333333333333334,"value":{"__uuid__":"c02lNlUZpFd5Cdt+kgq+1S"}},{"frame":1,"value":{"__uuid__":"5fFWwzUkhL3reYCiEjsQSr"}},{"frame":1.1666666666666667,"value":{"__uuid__":"2bFLxsfrFObaG+o7XL4yP2"}},{"frame":1.3333333333333333,"value":{"__uuid__":"89+soYEslDKqwTA5tRZelo"}}]}},"props":{"opacity":[{"frame":1.3333333333333333,"value":255},{"frame":1.5,"value":0}]}}},{"__type__":"cc.SpriteFrame","content":{"name":"btn_confirm","texture":"2eVS8PP6VP0oq8rBHQEqVa","rect":[0,0,471,151],"offset":[0,0],"originalSize":[471,151],"capInsets":[0,0,0,0]}}]