{"__type__":"cc.JsonAsset","_name":"pt","json":[{"ID":1,"View":200,"Text":"<size=80>REGRA DO JOGO</size>\n\n\n\n\n\n\nO objetivo é preencher as<color=#ffc600> 4</c> \npilhas de \"fundação\" acima.\n\n<color=#ffc600>Mover as cartas para a \n fundação dá mais pontos.</c> \n\n\n\n\n\n\n\n\n\n\n\nOrganiza as cartas do mesmo naipe em\n ordem crescente na pilha de \"Fundação\" <color=#ffc600>(A a K)</c> ."},{"ID":2,"View":200,"Text":"<size=80>REGRA DE JOGO</size>\n\n\n\n\n\n\nAbre as cartas viradas para\nbaixo para obter pontos.\n\n\n\n\n\n\n\n\n\n\n\nOrganiza as cartas de cores alternadas\nem ordem decrescente nas 7 pilhas abaixo\n\n<color=#ffc600>(K para A) e apenas \"K\" pode ser\ncolocado em um slot vazio.</c>"},{"ID":3,"View":200,"Text":"<size=80>REGRA DE JOGO</size>\n\n\n\n\n\nVocê pode tirar cartas\nda pilha.\n\n<color=#ffc600>A carta do topo da pilha pode ser\n movida para marcar pontos.</c>\n\n\n\n\n\n\n\nVocê pode redesenhar as pilhas \n<color=#ffc600>${##}</c> vezes gratuitamente.\n\n\n\n\n<color=#ffc600>Custa seus pontos após 3 empates. </c>"},{"ID":4,"View":200,"Text":"<size=80>REGRA DE JOGO</size>\n\n\n\n\n\n\n\n\n\n\n\n\n\n\n\n\n\n<color=#ffc600>O tempo é a CHAVE.</c>\nCada jogo tem um limite de tempo\n de <color=#ffc600>${##}</c> minutos e os pontos de bônus são  \ndados se terminar mais cedo.\n\nVocê receberá mais bônus de tempo\npontos se você colocar mais cartas\nnas pilhas de fundação. "},{"ID":5,"View":200,"Text":"<size=80>REGRA DE JOGO</size>\n\n\n\n\n\n\n\n\n\nSem movimentos.\n\n\n\n\n\n\n\nVocê pode se inscrever para ganhar\ntempo extra em troca de pontos \nse não tiver nenhum carta móvel.\n\n<color=#ffc600>Nem todos os decks podem \nser resolvidos!\nBoa sorte!</c>"},{"ID":6,"View":200,"Text":" <size=80>SOBRE PONTUAÇÃO</size>\n\n              \n\n              Cada carta descoberta +20\n\n\n              <color=#ffc600>A </c>para a fundação +120\n              <color=#ffc600>2</c> para a fundação +110\n              <color=#ffc600>3</c> à fundação +100\n              <color=#ffc600>4 </c>à fundação + 90\n              Reduza por sua vez ...\n\n     Redesenhe as pilhas com <color=#fe4646>-20</c> cada vez\n                   após 3 sorteios grátis.\n\n  Submeta rapidamente para ganhar um bônus de tempo extra.\n\n               O bônus de tempo vale:"},{"ID":7,"View":100,"Text":"    <size=35>      <color=#fe4646>Você tem</c> ${##}<color=#fe4646> pausa grátis, depois\n        disso cada vez custará ${##} pontos!</c></size>\n\n\n\n\n\n\n\n\n\n<size=50>\n<color=#2b805c>O jogo foi pausado,\npor favor retome.</c>\n</size>"},{"ID":8,"View":100,"Text":"    <size=35>      <color=#fe4646>Você não tem pausa grátis ,\n        e custará ${##} pontos desta vez!</c></size>\n\n\n\n\n\n\n\n\n\n<size=50>\n<color=#2b805c>O jogo foi pausado,\npor favor retome.</c>\n</size>"},{"ID":9,"View":700,"Text":"    <size=35>      <color=#fe4646>Você não tem pausa grátis ,\n        e custará ${##} pontos desta vez!</c></size>\n\n\n\n\n\n\n\n\n\n<size=50>\n<color=#2b805c>Quer parar agora com\na pontuação atual?</c>\n</size>"},{"ID":10,"View":700,"Text":"    <size=35>      <color=#fe4646>Você tem</c> ${##}<color=#fe4646> pausa grátis, depois\n        disso cada vez custará ${##} pontos!</c></size>\n\n\n\n\n\n\n\n\n\n<size=50>\n<color=#2b805c>Quer parar agora com\na pontuação atual?</c>\n</size>"},{"ID":11,"View":400,"Text":"<size=40><color=#2b805c>O vídeo não está disponível no momento...</c></size>"},{"ID":12,"View":400,"Text":"\n<size=48><outline color=#153a2f width=2>Gostaria de dobrar a pontuação\n nos próximos ${##} segundos?</outline></size>"},{"ID":13,"View":400,"Text":"\n<size=48><outline color=#153a2f width=2>Gostaria de obter mais\n${##} segundos? </outline></size>"},{"ID":14,"View":300,"Text":"<color=#fff076><size=50>Bem-vindo!</size></c>\n\nVamos aprender alguns \ncontroles antes de começar uma partida. "},{"ID":15,"View":300,"Text":"Agora mova o <color=#fe4646>A</c> para a área apontada."},{"ID":16,"View":300,"Text":"Agora mova o <color=#fe4646>2</c> para as pilhas da\nfundação na sequência<color=#fff076> (A - K)</c>."},{"ID":17,"View":300,"Text":"As 7 pilhas recebem as cartas em\n sequência <color=#fff076>(K-A) </c>\ncom <color=#fff076>cores alternadas</c>.\nAgora move o<color=#000000> 6</c>."},{"ID":18,"View":300,"Text":"Apenas <color=#fe4646>K </c>pode ser colocado em pilhas <color=#fff076>vazias</c>."},{"ID":19,"View":300,"Text":"Toque nas pilhas <color=#fff076>(canto superior direito)</c>\npara sortear 3 cartas por vez."},{"ID":20,"View":300,"Text":"Mova <color=#fff076>a carta do topo</c> para uma das \nfundações se <color=#fff076>corresponder</c>."},{"ID":21,"View":300,"Text":"Você ganha mais<color=#fff076> pontos de bônus</c> por mais\n<color=#fff076>tempo restante</c>, se você ficar<color=#fff076> \nsem movimentos</c>,\n toque em \"SUBMIT\" para terminar o jogo."},{"ID":22,"View":300},{"ID":23,"View":300,"Text":"<color=#fff076>Bem feito!</c>\nVamos começar o jogo! "},{"ID":24,"View":500,"Text":"                      <size=52><outline color=#153a2f width=4>PONTUAÇÃO\n\n           TEMPO　BÔNUS\n\n                  PONTUAÇÃO FINAL</size>"},{"ID":25,"View":600,"Text":"Você pode submeter se ficar sem movimentos."}]}