{"__type__":"cc.JsonAsset","_name":"tl","json":[{"ID":1,"View":200,"Text":"<size=80>PAANO LARUIN</size>\n\n\n\n\n\n\nAng gol ay punan ang<color=#ffc600> 4</c> \nitaas na \"mga stack ng pundasyon\".\n\n<color=#ffc600>Ang paglipat ng mga kard \nsa pundasyon ay nagbibigay ng\n pinakamaraming puntos.</c> \n\n\n\n\n\n\n\n\n\n\n\n\"Pundasyon\" ang mga stack ay kumukuha ng kard ng parehong suit sa pataas na kaayusan <color=#ffc600>(A to K)</c> ."},{"ID":2,"View":200,"Text":"<size=80>PAANO LARUIN</size>\n\n\n\n\n\n\nAlisan ng takip ang mga naka-taob na kard upang pumuntos.\n\n\n\n\n\n\n\n\n\n\n\nAng 7 mabababang stack ay kukuha ng kard sa alternatibong kulay \nsa pababang ayos\n\n<color=#ffc600>(K to A) at tanging \"K\" ang maaring\nilagay sa isang walang laman na puwang.</c>"},{"ID":3,"View":200,"Text":"<size=80>PAANO LARUIN</size>\n\n\n\n\n\n\nMaari kang pumili ng kard mula\n sa mga tumpok. \n\n<color=#ffc600>Ang naka-ibabaw na kard mula sa \ntumpok ay maaring ilipat \nupang maka-puntos.</c>\n\n\n\n\n\n\n\nMaari kang pumili muli mula sa tumpok \n<color=#ffc600>${##}</c> ilang beses ng libre.\n\n\n\n\n<color=#ffc600>Nagkakahalaga ang iyong mga puntos pagkatapos ng 3 pagpili.</c>"},{"ID":4,"View":200,"Text":"<size=80>PAANO LARUIN</size>\n\n\n\n\n\n\n\n\n\n\n\n\n\n\n\n\n\n<color=#ffc600>Tiyempo ay susi</c>\nBawat laro ay may <color=#ffc600>${##}</c> limitadong minuto-oras. Ang dagdag na puntos ay maipupuntos sa pagtatapos ng maaga.\n\nMakakakuha ka ng mas madaming dagdag na oras kung maglalagay ka ng mas maraming kard sa tumpok ng mga pundasyon."},{"ID":5,"View":200,"Text":"<size=80>PAANO LARUIN</size>\n\n\n\n\n\n\n\n\n\nWala ng galaw.\n\n\n\n\n\n\n\nKung wala ka ng kard na maigagalaw, \nmaari mo nang isumite ang iyong laro upang makakuha ng dagdag na oras.\n\n<color=#ffc600>Hindi malulutas ang lahat ng mga deck!\nSwertihin!</c>"},{"ID":6,"View":200,"Text":"    <size=55>HINGGIL SA PAGPUPUNTOS</size>\n\n              \n\n    Ang bawat hindi natakpang kard +20\n\n              <color=#ffc600>A </c> sa pundasyon +120\n              <color=#ffc600>2</c> sa pundasyon +110\n              <color=#ffc600>3</c> sa pundasyon +100\n              <color=#ffc600>4 </c> sa pundasyon + 90\n\n              at iba pa...\n\n     Matapos ang 3 libreng pagpili, ito ay\n          gagastos ka <color=#fe4646>20</c> para sa bawat \n               magka-sunod na pagpili.\n                  \n              Isumite ng mabilis upang\n  makakuha ng karagdagang dagdag oras.\n\n           Kalkulasyon ng dagdag oras:\n"},{"ID":7,"View":100,"Text":"         <size=25><color=#fe4646>Mayroon kang</c> ${##}<color=#fe4646> libreng paghinto. Matapos niyan, \n         ang bawat paghinto ay gagastos ka ng ${##} puntos!</c></size>\n\n\n\n\n\n\n\n\n\n<size=50>\n<color=#2b805c>Ang laro ay nahinto. \nMangyaring ipagpatuloy.</c>\n</size>"},{"ID":8,"View":100,"Text":"    <size=30>      <color=#fe4646>Wala ka ng libreng paghinto. Ang paghintong\n ito ay gagastos ka ng ${##} puntos!</c></size>\n\n\n\n\n\n\n\n\n\n<size=50>\n<color=#2b805c>Ang laro ay nahinto.\n Mangyaring ipagpatuloy.</c>\n</size>"},{"ID":9,"View":700,"Text":"    <size=30>      <color=#fe4646>Wala ka ng libreng paghinto. Ang paghintong ito \nay gagastos ka ng ${##} puntos!</c></size>\n\n\n\n\n\n\n\n\n\n<size=50>\n<color=#2b805c>Gusto mo bang tumigil ngayon\nsa kasalukuyang iskor?</c>\n</size>"},{"ID":10,"View":700,"Text":"     <size=25>      <color=#fe4646>mayroon kang</c> ${##}<color=#fe4646> libreng paghinto. Matapos niyan, \n         ang bawat paghinto ay gagastos ka ng ${##} puntos!</c></size>\n\n\n\n\n\n\n\n\n\n<size=50>\n<color=#2b805c>Gusto mo bang tumigil ngayon\nsa kasalukuyang iskor?</c>\n</size>"},{"ID":11,"View":400,"Text":"<size=40><color=#2b805c>Kasalukuyang hindi magagamit ang video...</c></size>"},{"ID":12,"View":400,"Text":"\n<size=48><outline color=#153a2f width=2>Gusto mo bang dumoble ang iskor sa susunod ${##} na segundo?</outline></size>"},{"ID":13,"View":400,"Text":"\n<size=48><outline color=#153a2f width=2>Gusto mo bang makakuha \n${##} ng maraming segundo?</outline></size>"},{"ID":14,"View":300,"Text":"<color=#fff076><size=50>maligayang Pagdating！</size></c>\n\n<size=35>Halina't aralin natin ang ilang \nmga kontrol bago ang laban.</size>"},{"ID":15,"View":300,"Text":"Ngayon galawin ang <color=#fe4646>A</c> sa tinukoy na lugar."},{"ID":16,"View":300,"Text":"Ngayon galawin ang <color=#fe4646>2</c> sa tinukoy \nna mga stack ng pundasyon. \nAng mga stack ng pundasyon ay dumaragdag \nsa pagkakasunud-sunod mula sa <color=#fff076> (A - K)</c>."},{"ID":17,"View":300,"Text":"Ang 7 stack ay kumukuha ng mga kard \nayon sa pagkakasunud-sunod ng\n <color=#fff076>kahaliling kulay</c> mula <color=#fff076>(K-A) </c>.\nNgayon galawin ang <color=#000000>6</c>."},{"ID":18,"View":300,"Text":"Tanging <color=#fe4646>K </c> ang maaaring ilagay sa <color=#fff076> \nwalang laman</c> na mga stack."},{"ID":19,"View":300,"Text":"Pindutina ang mga stack <color=#fff076>sa kanang itaas</c> \nupang makapili ng 3 kard sa bawat oras."},{"ID":20,"View":300,"Text":"Galawin ang <color=#fff076>itaas na kard</c> sa isa \nsa pundasyon kung ito ay <color=#fff076>tumutugma</c>."},{"ID":21,"View":300,"Text":"\n<size=35>Kung ikaw ay<color=#fff076> wala nang galaw</c>,\nPindutin agn \"SUMITE\" upang tapusin ang laro.\nAng nakuha mong <color=#fff076> dagdag na puntos</c> sa anumang \n<color=#fff076>natitirang oras</c>;higit na maraming natitirang oras, mas higit na dagdag na puntos.</size>\n "},{"ID":22,"View":300},{"ID":23,"View":300,"Text":"<color=#fff076>Mahusay!</c>\nHalina't simulan ang laro!"},{"ID":24,"View":500,"Text":"                            <size=52><outline color=#153a2f width=4>ISKOR\n\n            DAGDAG NA ORAS\n\n                        \n               PANGWAKAS NA ISKOR</size>"},{"ID":25,"View":600,"Text":"Maari mong ipasa kung wala ka ng galaw."}]}