{"__type__":"sp.SkeletonData","_name":"21bling","_skeletonJson":{"skeleton":{"hash":"INX3kxVrX5IKagYCEVK6q62w/fg","spine":"3.6.36","width":709,"height":709,"images":""},"bones":[{"name":"root"},{"name":"bone","parent":"root","length":206.01,"rotation":89.44,"x":-1,"y":230},{"name":"bone2","parent":"bone","length":162,"rotation":0.56,"x":47.34,"y":68.46},{"name":"bone3","parent":"bone","length":167.05,"rotation":-0.82,"x":52.72,"y":-73.49},{"name":"bone4","parent":"bone","length":216.09,"rotation":8.54,"x":3.45,"y":57.04,"color":"9b9b9b29"},{"name":"bone5","parent":"bone","length":200.12,"rotation":-12.44,"x":8.43,"y":-43.92},{"name":"bone6","parent":"bone","length":122.02,"rotation":-0.38,"x":59.99,"y":1.58}],"slots":[{"name":"resultlightbg","bone":"bone6","attachment":"resultlightbg"},{"name":"resultlightc2","bone":"bone5","attachment":"resultlightc2"},{"name":"resultlightc1","bone":"bone4","attachment":"resultlightc1"},{"name":"resultlight1","bone":"bone3","attachment":"resultlight1"},{"name":"resultlight2","bone":"bone2","attachment":"resultlight2"}],"skins":{"default":{"resultlight1":{"resultlight1":{"x":85.9,"y":5.06,"rotation":-88.63,"width":106,"height":226}},"resultlight2":{"resultlight2":{"x":87,"y":-4,"rotation":-90,"width":152,"height":215}},"resultlightbg":{"resultlightbg":{"x":71.52,"y":-0.83,"rotation":-89.06,"width":709,"height":709}},"resultlightc1":{"resultlightc1":{"x":116.54,"y":-4.22,"rotation":-97.98,"width":216,"height":277}},"resultlightc2":{"resultlightc2":{"x":115.2,"y":-1.12,"rotation":-77.01,"width":242,"height":302}}}},"events":{"bling":{}},"animations":{"animation":{"slots":{"resultlightbg":{"color":[{"time":0.3667,"color":"ffffffb5","curve":"stepped"},{"time":1.3333,"color":"ffffffb5"}]},"resultlightc1":{"color":[{"time":0,"color":"ffffff12"},{"time":0.1667,"color":"ffffffff"}]},"resultlightc2":{"color":[{"time":0,"color":"ffffff10","curve":"stepped"},{"time":0.0667,"color":"ffffff10"},{"time":0.1667,"color":"ffffffff"}]}},"bones":{"bone2":{"scale":[{"time":0,"x":0,"y":0,"curve":"stepped"},{"time":0.4,"x":0,"y":0},{"time":0.5667,"x":1.4,"y":1.4},{"time":0.6667,"x":0.8,"y":0.8},{"time":0.7333,"x":1,"y":1,"curve":"stepped"},{"time":1.6667,"x":1,"y":1}]},"bone3":{"scale":[{"time":0,"x":0,"y":0,"curve":"stepped"},{"time":0.5,"x":0,"y":0},{"time":0.6667,"x":1.4,"y":1.4},{"time":0.7667,"x":0.8,"y":0.8},{"time":0.8333,"x":1,"y":1,"curve":"stepped"},{"time":1.6667,"x":1,"y":1}]},"bone4":{"rotate":[{"time":0,"angle":15.46},{"time":0.1667,"angle":3.46},{"time":0.2,"angle":13.46},{"time":0.2667,"angle":-1.54},{"time":0.3333,"angle":15.46},{"time":0.3667,"angle":2.46}],"translate":[{"time":0,"x":0,"y":242.96},{"time":0.1667,"x":0,"y":2.96}],"scale":[{"time":0.3333,"x":1.1,"y":1.1},{"time":0.3667,"x":1,"y":1}]},"bone5":{"rotate":[{"time":0,"angle":-27.56,"curve":"stepped"},{"time":0.0667,"angle":-27.56},{"time":0.1667,"angle":2.44},{"time":0.2333,"angle":-27.56},{"time":0.3,"angle":7.44},{"time":0.3333,"angle":2.44}],"translate":[{"time":0,"x":0,"y":-256.08,"curve":"stepped"},{"time":0.0667,"x":0,"y":-256.08},{"time":0.1667,"x":0,"y":-16.08}],"scale":[{"time":0.2333,"x":1.1,"y":1.1},{"time":0.3333,"x":1,"y":1}]},"bone6":{"scale":[{"time":0,"x":0,"y":0},{"time":0.1667,"x":1,"y":1},{"time":0.3667,"x":0.8,"y":0.8},{"time":0.8333,"x":1,"y":1},{"time":1.3333,"x":0.8,"y":0.8},{"time":1.6667,"x":1,"y":1}]}},"events":[{"time":0.8333,"name":"bling","string":"bling"}]}}},"_atlasText":"\r\n21bling.png\r\nsize: 1024,1024\r\nformat: RGBA8888\r\nfilter: Linear,Linear\r\nrepeat: none\r\nresultlight1\r\n  rotate: false\r\n  xy: 713, 510\r\n  size: 106, 226\r\n  orig: 106, 226\r\n  offset: 0, 0\r\n  index: -1\r\nresultlight2\r\n  rotate: false\r\n  xy: 246, 89\r\n  size: 152, 215\r\n  orig: 152, 215\r\n  offset: 0, 0\r\n  index: -1\r\nresultlightbg\r\n  rotate: false\r\n  xy: 2, 306\r\n  size: 709, 709\r\n  orig: 709, 709\r\n  offset: 0, 0\r\n  index: -1\r\nresultlightc1\r\n  rotate: false\r\n  xy: 713, 738\r\n  size: 216, 277\r\n  orig: 216, 277\r\n  offset: 0, 0\r\n  index: -1\r\nresultlightc2\r\n  rotate: false\r\n  xy: 2, 2\r\n  size: 242, 302\r\n  orig: 242, 302\r\n  offset: 0, 0\r\n  index: -1\r\n","textures":[{"__uuid__":"e6xOjpSGZBuq/WAPrV98OS"}],"textureNames":["21bling.png"]}