[{"__type__":"cc.Prefab","_name":"Poker.52","data":{"__id__":1}},{"__type__":"cc.Node","_name":"Poker.52","_children":[{"__id__":2},{"__id__":3},{"__id__":4},{"__id__":5},{"__id__":6}],"_components":[{"__type__":"5e994cIevtJtoXn/+INxa7D","node":{"__id__":1}},{"__type__":"09ce2QFI4NC/7uS9K52XIXE","node":{"__id__":1}},{"__type__":"2050475NTtNwpyp5DbfN2bN","node":{"__id__":1}},{"__type__":"974b9fbCRpAgqbzv3WbbzdS","node":{"__id__":1}},{"__type__":"b7642s1IftLCqGFCzvxMiml","node":{"__id__":1}},{"__type__":"47cf2yv55hIg57hSb8USvAR","node":{"__id__":1}},{"__type__":"23239YHUmRFzZqXa73xQGrK","node":{"__id__":1}},{"__type__":"15b48h9uKtN2pgwh78d9nyb","node":{"__id__":1}}],"_prefab":{"__type__":"cc.PrefabInfo","root":{"__id__":1},"asset":{"__uuid__":"1dNPNafjNFK47FF2oTKevK"},"fileId":"5cHWPBRbFNjINb5tUOf0Hu"},"_contentSize":{"__type__":"cc.Size","width":156,"height":212},"_trs":{"__type__":"TypedArray","ctor":"Float64Array","array":[0,0,0,0,0,0,1,1,1,1]}},{"__type__":"cc.Node","_name":"Back","_parent":{"__id__":1},"_components":[{"__type__":"cc.Sprite","node":{"__id__":2},"_materials":[{"__uuid__":"ecpdLyjvZBwrvm+cedCcQy"}],"_spriteFrame":{"__uuid__":"bebnlV1K5LEqPKfcZfrUM3"}},{"__type__":"f9a1f9YGitGj6N1bt080HSd","node":{"__id__":2}}],"_prefab":{"__type__":"cc.PrefabInfo","root":{"__id__":1},"asset":{"__uuid__":"1dNPNafjNFK47FF2oTKevK"},"fileId":"f1nldlEb5F+5jxwNY4NsOS"},"_contentSize":{"__type__":"cc.Size","width":144,"height":200},"_trs":{"__type__":"TypedArray","ctor":"Float64Array","array":[0,0,0,0,0,0,1,1,1,1]}},{"__type__":"cc.Node","_name":"Front","_parent":{"__id__":1},"_components":[{"__type__":"cc.Sprite","node":{"__id__":3},"_materials":[{"__uuid__":"ecpdLyjvZBwrvm+cedCcQy"}],"_spriteFrame":{"__uuid__":"19A2Ku0TNHH7IQufyLEyjN"}},{"__type__":"f9a1f9YGitGj6N1bt080HSd","node":{"__id__":3}}],"_prefab":{"__type__":"cc.PrefabInfo","root":{"__id__":1},"asset":{"__uuid__":"1dNPNafjNFK47FF2oTKevK"},"fileId":"79xe/+aFlF45GWIV+6jb1n"},"_contentSize":{"__type__":"cc.Size","width":156,"height":212},"_trs":{"__type__":"TypedArray","ctor":"Float64Array","array":[0,0,0,0,0,0,1,1,1,1]}},{"__type__":"cc.Node","_name":"Selected","_parent":{"__id__":1},"_active":false,"_components":[{"__type__":"cc.Sprite","node":{"__id__":4},"_materials":[{"__uuid__":"ecpdLyjvZBwrvm+cedCcQy"}],"_spriteFrame":{"__uuid__":"3cmxqj4v1J5IlCJ/9oo3ni"}}],"_prefab":{"__type__":"cc.PrefabInfo","root":{"__id__":1},"asset":{"__uuid__":"1dNPNafjNFK47FF2oTKevK"},"fileId":"57jjN+RNRAGaIoEEvS2Qkg"},"_contentSize":{"__type__":"cc.Size","width":173,"height":230},"_trs":{"__type__":"TypedArray","ctor":"Float64Array","array":[0,0,0,0,0,0,1,1,1,1]}},{"__type__":"cc.Node","_name":"Locked","_parent":{"__id__":1},"_components":[{"__type__":"cc.Sprite","node":{"__id__":5},"_materials":[{"__uuid__":"ecpdLyjvZBwrvm+cedCcQy"}],"_spriteFrame":{"__uuid__":"3dXATJx7VOwqkZv5wAtBki"}}],"_prefab":{"__type__":"cc.PrefabInfo","root":{"__id__":1},"asset":{"__uuid__":"1dNPNafjNFK47FF2oTKevK"},"fileId":"920/hy1RhKxr5EXpxCcvza"},"_contentSize":{"__type__":"cc.Size","width":147,"height":205},"_trs":{"__type__":"TypedArray","ctor":"Float64Array","array":[0,0,0,0,0,0,1,1,1,1]}},{"__type__":"cc.Node","_name":"Animation","_parent":{"__id__":1},"_components":[{"__type__":"cc.Sprite","node":{"__id__":6},"_materials":[{"__uuid__":"ecpdLyjvZBwrvm+cedCcQy"}],"_spriteFrame":{"__uuid__":"fbyuyq53tPm4Mr0BiQptJQ"},"_sizeMode":2,"_isTrimmedMode":false},{"__type__":"aff19hIEIJELplp7z83oY0d","node":{"__id__":6},"Frames":{"__uuid__":"ed6DsnyO9NnIQRMK5qHWg+"},"PrefixName":"ae_put0","FrameCount":10}],"_prefab":{"__type__":"cc.PrefabInfo","root":{"__id__":1},"asset":{"__uuid__":"1dNPNafjNFK47FF2oTKevK"},"fileId":"22BIDFbbpJy7GcBaSBcoej"},"_opacity":0,"_contentSize":{"__type__":"cc.Size","width":312,"height":428},"_trs":{"__type__":"TypedArray","ctor":"Float64Array","array":[0,0,0,0,0,0,1,1,1,1]}}]